<?xml version = '1.0' encoding = 'UTF-8'?>
<Table class="oracle.dbtools.crest.model.design.relational.Table" directorySegmentName="seg_0" id="18E32CE3-A6A2-357D-AF7F-0F9AC741DD85" name="Cita">
<createdBy>derek</createdBy>
<createdTime>2024-04-28 21:10:40 UTC</createdTime>
<generatorID>29AE9746-7854-F763-DDEC-593D4BD248D9</generatorID>
<ownerDesignName>Proyecto 2DB</ownerDesignName>
<allowColumnReorder>false</allowColumnReorder>
<existDependencyGenerateInDDl>true</existDependencyGenerateInDDl>
<parsed>true</parsed>
<columns itemClass="oracle.dbtools.crest.model.design.relational.Column">
<Column name="ID" id="7831CB1A-034B-0E51-F3CC-6087816383E7">
<createdBy>derek</createdBy>
<createdTime>2024-04-28 21:10:40 UTC</createdTime>
<generatorID>43448824-040A-1EF3-8F26-42D67F3871DD</generatorID>
<ownerDesignName>Proyecto 2DB</ownerDesignName>
<useDomainConstraints>false</useDomainConstraints>
<use>1</use>
<logicalDatatype>LOGDT011</logicalDatatype>
<ownDataTypeParameters>,,</ownDataTypeParameters>
<autoIncrementCycle>false</autoIncrementCycle>
</Column>
<Column name="fecha_de_programacion" id="6889C875-F40A-EC27-2D2D-CA523C567A72">
<createdBy>derek</createdBy>
<createdTime>2024-04-28 21:10:40 UTC</createdTime>
<generatorID>2A95BB7D-6133-AA13-B02F-6672D9C1A209</generatorID>
<ownerDesignName>Proyecto 2DB</ownerDesignName>
<useDomainConstraints>false</useDomainConstraints>
<use>1</use>
<logicalDatatype>LOGDT007</logicalDatatype>
<ownDataTypeParameters>,,</ownDataTypeParameters>
<autoIncrementCycle>false</autoIncrementCycle>
</Column>
<Column name="hora_de_programacion" id="2F388FFC-A54F-C000-B492-CD52A349DCA3">
<createdBy>derek</createdBy>
<createdTime>2024-04-28 21:10:40 UTC</createdTime>
<generatorID>5B5508C9-BA16-C4BD-D246-F53174C8827A</generatorID>
<ownerDesignName>Proyecto 2DB</ownerDesignName>
<useDomainConstraints>false</useDomainConstraints>
<use>1</use>
<logicalDatatype>LOGDT008</logicalDatatype>
<ownDataTypeParameters>,,</ownDataTypeParameters>
<autoIncrementCycle>false</autoIncrementCycle>
</Column>
<Column name="fecha_realizacion" id="573151D9-A8CC-1D47-4BEA-044645A64D92">
<createdBy>derek</createdBy>
<createdTime>2024-04-28 21:10:40 UTC</createdTime>
<generatorID>D92F52DA-F830-D2F2-1B7B-6A27337F5F11</generatorID>
<ownerDesignName>Proyecto 2DB</ownerDesignName>
<nullsAllowed>true</nullsAllowed>
<useDomainConstraints>false</useDomainConstraints>
<use>1</use>
<logicalDatatype>LOGDT007</logicalDatatype>
<ownDataTypeParameters>,,</ownDataTypeParameters>
<autoIncrementCycle>false</autoIncrementCycle>
</Column>
<Column name="hora_realizacion" id="8D7F35A2-2A23-2EBD-AE7A-95CA14B4A61E">
<createdBy>derek</createdBy>
<createdTime>2024-04-28 21:10:40 UTC</createdTime>
<generatorID>322C8DB9-0FF7-97AD-EC42-435EC9D4EA6B</generatorID>
<ownerDesignName>Proyecto 2DB</ownerDesignName>
<nullsAllowed>true</nullsAllowed>
<useDomainConstraints>false</useDomainConstraints>
<use>1</use>
<logicalDatatype>LOGDT008</logicalDatatype>
<ownDataTypeParameters>,,</ownDataTypeParameters>
<autoIncrementCycle>false</autoIncrementCycle>
</Column>
<Column name="motivo" id="DF4BFC07-2591-B573-E98B-A2BEA049C7E8">
<createdBy>derek</createdBy>
<createdTime>2024-04-28 21:10:40 UTC</createdTime>
<generatorID>F17937DA-08ED-4858-FE85-EF9422CFD2A1</generatorID>
<ownerDesignName>Proyecto 2DB</ownerDesignName>
<useDomainConstraints>false</useDomainConstraints>
<use>1</use>
<logicalDatatype>LOGDT024</logicalDatatype>
<dataTypeSize>20 CHAR</dataTypeSize>
<ownDataTypeParameters>20 CHAR,,</ownDataTypeParameters>
<autoIncrementCycle>false</autoIncrementCycle>
</Column>
<Column name="Miembro_Personal_Cedula" id="B92852B9-90EB-715B-4328-26ED64B1F5CC">
<createdBy>derek</createdBy>
<createdTime>2024-04-28 21:10:40 UTC</createdTime>
<generatorID>18785504-AA18-68B1-00B9-75A294DD8A22</generatorID>
<ownerDesignName>Proyecto 2DB</ownerDesignName>
<useDomainConstraints>false</useDomainConstraints>
<use>1</use>
<logicalDatatype>LOGDT024</logicalDatatype>
<dataTypeSize>10 CHAR</dataTypeSize>
<ownDataTypeParameters>,,</ownDataTypeParameters>
<previousColumn>false</previousColumn>
<autoIncrementCycle>false</autoIncrementCycle>
<associations>
<colAssociation fkAssociation="7C6FA39C-AED2-1F9A-4237-FB9A77E9EFF9" referredColumn="7CA673FE-6D12-3633-E253-4A131E243144"/>
</associations>
</Column>
<Column name="Paciente_cedula" id="39DB7381-F944-5DAE-F709-42D93A1C0634">
<createdBy>derek</createdBy>
<createdTime>2024-04-28 21:10:40 UTC</createdTime>
<generatorID>01D817A3-2A41-A1D6-8388-157CB1E766BC</generatorID>
<ownerDesignName>Proyecto 2DB</ownerDesignName>
<useDomainConstraints>false</useDomainConstraints>
<use>1</use>
<logicalDatatype>LOGDT024</logicalDatatype>
<dataTypeSize>10 CHAR</dataTypeSize>
<ownDataTypeParameters>,,</ownDataTypeParameters>
<previousColumn>false</previousColumn>
<autoIncrementCycle>false</autoIncrementCycle>
<associations>
<colAssociation fkAssociation="C788CDCD-C308-F3A2-AA67-93FF41E0EC94" referredColumn="1635E786-D41D-5EC0-3ADC-FB2D9326A396"/>
</associations>
</Column>
</columns>
<indexes itemClass="oracle.dbtools.crest.model.design.relational.Index">
<ind_PK_UK id="E3AD21C3-0260-5B87-B6AC-23503A1FF37C" name="Cita_PK">
<createdBy>derek</createdBy>
<createdTime>2024-04-28 21:10:40 UTC</createdTime>
<generatorID>C875FA28-CE42-098F-4CE5-AC74F535A15D</generatorID>
<ownerDesignName>Proyecto 2DB</ownerDesignName>
<pk>true</pk>
<indexState>Primary Constraint</indexState>
<isSurrogateKey>false</isSurrogateKey>
<indexColumnUsage>
<colUsage columnID="7831CB1A-034B-0E51-F3CC-6087816383E7"/>
</indexColumnUsage>
</ind_PK_UK>
<ind_PK_UK id="065E689B-9E49-5FC6-E639-F2AB752B9AB6" name="Cita__IDX">
<createdBy>derek</createdBy>
<createdTime>2024-04-28 21:10:41 UTC</createdTime>
<ownerDesignName>Proyecto 2DB</ownerDesignName>
<indexState>Unique Plain Index</indexState>
<isSurrogateKey>false</isSurrogateKey>
<relationGeneratorID>4A11C3F9-51E0-D0AB-1452-CD0BDFF4BDB8</relationGeneratorID>
<indexColumnUsage>
<colUsage columnID="39DB7381-F944-5DAE-F709-42D93A1C0634"/>
</indexColumnUsage>
</ind_PK_UK>
<ind_PK_UK id="D6060377-0DE2-EECF-5605-7AA21A88CE68" name="Cita_Miembro_Personal_FK">
<createdBy>derek</createdBy>
<createdTime>2024-04-28 21:10:40 UTC</createdTime>
<generatorID>D0363FE2-8AC0-47B9-103C-A877B7ECABE1</generatorID>
<ownerDesignName>Proyecto 2DB</ownerDesignName>
<indexState>Foreign Key</indexState>
<isSurrogateKey>false</isSurrogateKey>
<indexColumnUsage>
<colUsage columnID="B92852B9-90EB-715B-4328-26ED64B1F5CC"/>
</indexColumnUsage>
</ind_PK_UK>
<ind_PK_UK id="3DFBFDAB-5662-EA6C-AF65-9B04D3181FB6" name="Cita_Paciente_FK">
<createdBy>derek</createdBy>
<createdTime>2024-04-28 21:10:41 UTC</createdTime>
<generatorID>4A11C3F9-51E0-D0AB-1452-CD0BDFF4BDB8</generatorID>
<ownerDesignName>Proyecto 2DB</ownerDesignName>
<indexState>Foreign Key</indexState>
<isSurrogateKey>false</isSurrogateKey>
<indexColumnUsage>
<colUsage columnID="39DB7381-F944-5DAE-F709-42D93A1C0634"/>
</indexColumnUsage>
</ind_PK_UK>
</indexes>
</Table>