<?xml version = '1.0' encoding = 'UTF-8'?>
<Table class="oracle.dbtools.crest.model.design.relational.Table" directorySegmentName="seg_0" id="99EE3322-E7CF-AB12-38E7-CCFA40A69335" name="Aseguradora">
<createdBy>derek</createdBy>
<createdTime>2024-04-28 21:10:40 UTC</createdTime>
<generatorID>31BA9B22-87C2-3697-EB32-59206C5BE3F7</generatorID>
<ownerDesignName>Proyecto</ownerDesignName>
<allowColumnReorder>false</allowColumnReorder>
<existDependencyGenerateInDDl>true</existDependencyGenerateInDDl>
<parsed>true</parsed>
<columns itemClass="oracle.dbtools.crest.model.design.relational.Column">
<Column name="NIT" id="C8D654E0-E7E2-14BA-DA75-9209B2C9BA54">
<createdBy>derek</createdBy>
<createdTime>2024-04-28 21:10:40 UTC</createdTime>
<generatorID>E08C5FFD-7E6B-6E60-08EA-930C34FDCB9F</generatorID>
<ownerDesignName>Proyecto</ownerDesignName>
<useDomainConstraints>false</useDomainConstraints>
<use>1</use>
<logicalDatatype>LOGDT024</logicalDatatype>
<dataTypeSize>9 CHAR</dataTypeSize>
<ownDataTypeParameters>9 CHAR,,</ownDataTypeParameters>
<autoIncrementCycle>false</autoIncrementCycle>
</Column>
<Column name="nombre" id="97062A06-E67C-1DAD-723E-C1A7576462DD">
<createdBy>derek</createdBy>
<createdTime>2024-04-28 21:10:40 UTC</createdTime>
<generatorID>F4BAF6AE-2822-4B6B-E792-DB1E265E1590</generatorID>
<ownerDesignName>Proyecto</ownerDesignName>
<useDomainConstraints>false</useDomainConstraints>
<use>1</use>
<logicalDatatype>LOGDT024</logicalDatatype>
<dataTypeSize>30 CHAR</dataTypeSize>
<ownDataTypeParameters>30 CHAR,,</ownDataTypeParameters>
<autoIncrementCycle>false</autoIncrementCycle>
</Column>
<Column name="direccion" id="F9B107C7-76AE-11A2-31F2-D39CB9605141">
<createdBy>derek</createdBy>
<createdTime>2024-04-28 21:10:40 UTC</createdTime>
<generatorID>CE7430E2-2D33-17E7-739E-1D91E82BCB98</generatorID>
<ownerDesignName>Proyecto</ownerDesignName>
<useDomainConstraints>false</useDomainConstraints>
<use>1</use>
<logicalDatatype>LOGDT024</logicalDatatype>
<dataTypeSize>50 CHAR</dataTypeSize>
<ownDataTypeParameters>50 CHAR,,</ownDataTypeParameters>
<autoIncrementCycle>false</autoIncrementCycle>
</Column>
<Column name="direccion_IP" id="8470995A-661E-32A1-F5A3-C587D45F0BF6">
<createdBy>derek</createdBy>
<createdTime>2024-04-28 21:10:40 UTC</createdTime>
<generatorID>AB434C21-0541-BEA5-222E-E6BBFA6653FD</generatorID>
<ownerDesignName>Proyecto</ownerDesignName>
<nullsAllowed>true</nullsAllowed>
<useDomainConstraints>false</useDomainConstraints>
<use>1</use>
<logicalDatatype>LOGDT024</logicalDatatype>
<dataTypeSize>19 CHAR</dataTypeSize>
<ownDataTypeParameters>19 CHAR,,</ownDataTypeParameters>
<autoIncrementCycle>false</autoIncrementCycle>
</Column>
<Column name="Persona_de_contacto_cedula" id="2CCE811C-0612-3764-F1F5-4073572A8F73">
<createdBy>derek</createdBy>
<createdTime>2024-04-28 21:10:40 UTC</createdTime>
<generatorID>9FE1302E-5E7D-F5F6-8790-6DBEF2786062</generatorID>
<ownerDesignName>Proyecto</ownerDesignName>
<useDomainConstraints>false</useDomainConstraints>
<use>1</use>
<logicalDatatype>LOGDT024</logicalDatatype>
<dataTypeSize>10 CHAR</dataTypeSize>
<ownDataTypeParameters>10 CHAR,,</ownDataTypeParameters>
<previousColumn>false</previousColumn>
<autoIncrementCycle>false</autoIncrementCycle>
<associations>
<colAssociation fkAssociation="EA62FB6A-A470-0D51-2B5D-AEC213A54D26" referredColumn="797FDCB4-8A9B-BC88-2055-D83C43E61C75"/>
</associations>
</Column>
</columns>
<indexes itemClass="oracle.dbtools.crest.model.design.relational.Index">
<ind_PK_UK id="E507F6D3-5F62-2B89-6534-4BD5164C1DB9" name="Aseguradora_PK">
<createdBy>derek</createdBy>
<createdTime>2024-04-28 21:10:40 UTC</createdTime>
<generatorID>94EA917C-1BE6-41C6-A625-F2DFECFBBA38</generatorID>
<ownerDesignName>Proyecto</ownerDesignName>
<pk>true</pk>
<indexState>Primary Constraint</indexState>
<isSurrogateKey>false</isSurrogateKey>
<indexColumnUsage>
<colUsage columnID="C8D654E0-E7E2-14BA-DA75-9209B2C9BA54"/>
</indexColumnUsage>
</ind_PK_UK>
<ind_PK_UK id="CFF281B9-C5BC-9AD4-EB6F-1CCC64261DA1" name="Aseguradora__IDXv1">
<createdBy>derek</createdBy>
<createdTime>2024-04-28 21:10:41 UTC</createdTime>
<ownerDesignName>Proyecto</ownerDesignName>
<indexState>Unique Plain Index</indexState>
<isSurrogateKey>false</isSurrogateKey>
<relationGeneratorID>5B1B1D6C-2D81-0C7D-0730-6AC13D96CB73</relationGeneratorID>
<indexColumnUsage>
<colUsage columnID="2CCE811C-0612-3764-F1F5-4073572A8F73"/>
</indexColumnUsage>
</ind_PK_UK>
<ind_PK_UK id="AAC107A9-EDF5-0C0C-A5AE-FDE20FBCC066" name="Aseguradora_Persona_de_contacto_FK">
<createdBy>derek</createdBy>
<createdTime>2024-04-28 22:27:13 UTC</createdTime>
<generatorID>5B1B1D6C-2D81-0C7D-0730-6AC13D96CB73</generatorID>
<ownerDesignName>Proyecto</ownerDesignName>
<indexState>Foreign Key</indexState>
<isSurrogateKey>false</isSurrogateKey>
<indexColumnUsage>
<colUsage columnID="2CCE811C-0612-3764-F1F5-4073572A8F73"/>
</indexColumnUsage>
</ind_PK_UK>
<ind_PK_UK id="BB9E8A11-186A-EC7C-0DDD-C68AE2F49F22" name="Aseguradora_Persona_de_contacto_FK">
<createdBy>derek</createdBy>
<createdTime>2024-04-29 00:10:14 UTC</createdTime>
<generatorID>5B1B1D6C-2D81-0C7D-0730-6AC13D96CB73</generatorID>
<ownerDesignName>Proyecto</ownerDesignName>
<indexState>Foreign Key</indexState>
<isSurrogateKey>false</isSurrogateKey>
<indexColumnUsage>
<colUsage columnID="2CCE811C-0612-3764-F1F5-4073572A8F73"/>
</indexColumnUsage>
</ind_PK_UK>
</indexes>
</Table>