<?xml version = '1.0' encoding = 'UTF-8'?>
<Table class="oracle.dbtools.crest.model.design.relational.Table" directorySegmentName="seg_0" id="A1877332-6A1F-9726-6DB1-29C892564270" name="Reclamo_en_disputa">
<createdBy>derek</createdBy>
<createdTime>2024-04-28 21:10:40 UTC</createdTime>
<generatorID>2DAD87AA-1EC3-72A3-B0A1-8B7F1430FA37</generatorID>
<ownerDesignName>Proyecto 2DB</ownerDesignName>
<allowColumnReorder>false</allowColumnReorder>
<existDependencyGenerateInDDl>true</existDependencyGenerateInDDl>
<parsed>true</parsed>
<columns itemClass="oracle.dbtools.crest.model.design.relational.Column">
<Column name="codigo" id="EF7308EC-3D1E-3912-9C1D-4966C09B6623">
<createdBy>derek</createdBy>
<createdTime>2024-04-28 21:10:40 UTC</createdTime>
<generatorID>A572C76E-D090-FC14-F977-CFD73418F689</generatorID>
<ownerDesignName>Proyecto 2DB</ownerDesignName>
<useDomainConstraints>false</useDomainConstraints>
<use>1</use>
<logicalDatatype>LOGDT024</logicalDatatype>
<dataTypeSize>3 CHAR</dataTypeSize>
<ownDataTypeParameters>3 CHAR,,</ownDataTypeParameters>
<autoIncrementCycle>false</autoIncrementCycle>
</Column>
<Column name="fecha_de_procesamiento" id="BDB3A3B8-7743-5315-107D-4CE8DF1DE524">
<createdBy>derek</createdBy>
<createdTime>2024-04-28 21:10:40 UTC</createdTime>
<generatorID>286AFDA5-5C80-21D6-5BF9-003DFB22A7FC</generatorID>
<ownerDesignName>Proyecto 2DB</ownerDesignName>
<useDomainConstraints>false</useDomainConstraints>
<use>1</use>
<logicalDatatype>LOGDT007</logicalDatatype>
<ownDataTypeParameters>,,</ownDataTypeParameters>
<autoIncrementCycle>false</autoIncrementCycle>
</Column>
<Column name="motivo" id="853E9078-586B-75B6-A914-5F888E1D7620">
<createdBy>derek</createdBy>
<createdTime>2024-04-28 21:10:40 UTC</createdTime>
<generatorID>7DAAA8FB-9ECB-871A-FEBC-329ED446A4EE</generatorID>
<ownerDesignName>Proyecto 2DB</ownerDesignName>
<useDomainConstraints>false</useDomainConstraints>
<use>1</use>
<logicalDatatype>A3A3C77D-0366-9768-FF89-1C25E56881C8</logicalDatatype>
<ownDataTypeParameters>,,</ownDataTypeParameters>
<autoIncrementCycle>false</autoIncrementCycle>
</Column>
<Column name="etapa" id="4057E872-A384-9546-580A-9F7D2E70833C">
<createdBy>derek</createdBy>
<createdTime>2024-04-28 21:10:40 UTC</createdTime>
<generatorID>BA0D9978-99A7-AFFC-6299-7A08A634998E</generatorID>
<ownerDesignName>Proyecto 2DB</ownerDesignName>
<useDomainConstraints>false</useDomainConstraints>
<use>1</use>
<logicalDatatype>LOGDT011</logicalDatatype>
<ownDataTypeParameters>,,</ownDataTypeParameters>
<autoIncrementCycle>false</autoIncrementCycle>
</Column>
<Column name="fecha_finalizacion" id="00639FB2-11FA-4446-C469-D36F1C6C7264">
<createdBy>derek</createdBy>
<createdTime>2024-04-28 21:10:40 UTC</createdTime>
<generatorID>66EC6D98-4397-FEF7-88DB-C6556D11EA1A</generatorID>
<ownerDesignName>Proyecto 2DB</ownerDesignName>
<nullsAllowed>true</nullsAllowed>
<useDomainConstraints>false</useDomainConstraints>
<use>1</use>
<logicalDatatype>LOGDT007</logicalDatatype>
<ownDataTypeParameters>,,</ownDataTypeParameters>
<autoIncrementCycle>false</autoIncrementCycle>
</Column>
<Column name="resultado_etapa" id="8FF90BFF-ED1F-0B34-9A1B-531C8D6DA654">
<createdBy>derek</createdBy>
<createdTime>2024-04-28 21:10:40 UTC</createdTime>
<generatorID>1A309604-0A1F-54AF-6E60-8DF8EB0E2815</generatorID>
<ownerDesignName>Proyecto 2DB</ownerDesignName>
<nullsAllowed>true</nullsAllowed>
<useDomainConstraints>false</useDomainConstraints>
<use>1</use>
<logicalDatatype>LOGDT024</logicalDatatype>
<dataTypeSize>15 CHAR</dataTypeSize>
<ownDataTypeParameters>15 CHAR,,</ownDataTypeParameters>
<autoIncrementCycle>false</autoIncrementCycle>
</Column>
<Column name="Reclamo_codigo" id="466AD905-766A-6A51-5013-EFD9E67E9D8F">
<createdBy>derek</createdBy>
<createdTime>2024-04-28 21:24:40 UTC</createdTime>
<generatorID>44F96BC2-C6E5-9B88-ABC0-6CB895A5BB33</generatorID>
<ownerDesignName>Proyecto</ownerDesignName>
<useDomainConstraints>false</useDomainConstraints>
<use>1</use>
<logicalDatatype>LOGDT024</logicalDatatype>
<dataTypeSize>5 CHAR</dataTypeSize>
<ownDataTypeParameters>,,</ownDataTypeParameters>
<previousColumn>false</previousColumn>
<autoIncrementCycle>false</autoIncrementCycle>
<associations>
<colAssociation fkAssociation="D86F2E84-AEAC-9FEB-F914-2CFA8A3211F6" referredColumn="A91C71EE-553F-E0EF-38D7-AFAF07581B66"/>
</associations>
</Column>
</columns>
<indexes itemClass="oracle.dbtools.crest.model.design.relational.Index">
<ind_PK_UK id="BED0BB76-0615-4A9E-4666-F6BDC5321874" name="Reclamo_en_disputa_PK">
<createdBy>derek</createdBy>
<createdTime>2024-04-28 21:10:40 UTC</createdTime>
<generatorID>4F5BE5DB-C883-537A-9C69-965BE2164DF9</generatorID>
<ownerDesignName>Proyecto 2DB</ownerDesignName>
<pk>true</pk>
<indexState>Primary Constraint</indexState>
<isSurrogateKey>false</isSurrogateKey>
<indexColumnUsage>
<colUsage columnID="EF7308EC-3D1E-3912-9C1D-4966C09B6623"/>
</indexColumnUsage>
</ind_PK_UK>
<ind_PK_UK id="B203F3FF-E39A-E096-EB48-093CDF0A2912" name="Reclamo_en_disputa__IDX">
<createdBy>derek</createdBy>
<createdTime>2024-04-28 21:24:40 UTC</createdTime>
<ownerDesignName>Proyecto</ownerDesignName>
<indexState>Unique Plain Index</indexState>
<isSurrogateKey>false</isSurrogateKey>
<relationGeneratorID>50AEA90A-DC3A-9C97-6E2B-0E0755982992</relationGeneratorID>
<indexColumnUsage>
<colUsage columnID="466AD905-766A-6A51-5013-EFD9E67E9D8F"/>
</indexColumnUsage>
</ind_PK_UK>
<ind_PK_UK id="E4E37CD0-F961-7B07-ADFE-E48A04464DC9" name="Reclamo_en_disputa_Reclamo_FK">
<createdBy>derek</createdBy>
<createdTime>2024-04-28 21:24:40 UTC</createdTime>
<generatorID>50AEA90A-DC3A-9C97-6E2B-0E0755982992</generatorID>
<ownerDesignName>Proyecto</ownerDesignName>
<indexState>Foreign Key</indexState>
<isSurrogateKey>false</isSurrogateKey>
<indexColumnUsage>
<colUsage columnID="466AD905-766A-6A51-5013-EFD9E67E9D8F"/>
</indexColumnUsage>
</ind_PK_UK>
</indexes>
</Table>