<?xml version = '1.0' encoding = 'UTF-8'?>
<Table class="oracle.dbtools.crest.model.design.relational.Table" directorySegmentName="seg_0" id="B232E40B-425E-83C9-7E96-A9FF8F178D67" name="Reclamo">
<createdBy>derek</createdBy>
<createdTime>2024-04-28 21:10:40 UTC</createdTime>
<generatorID>D0E6A5DA-8AC2-9A66-106D-39F1FB058547</generatorID>
<ownerDesignName>Proyecto</ownerDesignName>
<allowColumnReorder>false</allowColumnReorder>
<existDependencyGenerateInDDl>true</existDependencyGenerateInDDl>
<parsed>true</parsed>
<columns itemClass="oracle.dbtools.crest.model.design.relational.Column">
<Column name="codigo" id="A91C71EE-553F-E0EF-38D7-AFAF07581B66">
<createdBy>derek</createdBy>
<createdTime>2024-04-28 21:10:40 UTC</createdTime>
<generatorID>4D0ABEF0-6A53-2C68-ACAB-089C51E9A112</generatorID>
<ownerDesignName>Proyecto</ownerDesignName>
<useDomainConstraints>false</useDomainConstraints>
<use>1</use>
<logicalDatatype>LOGDT024</logicalDatatype>
<dataTypeSize>5 CHAR</dataTypeSize>
<ownDataTypeParameters>5 CHAR,,</ownDataTypeParameters>
<autoIncrementCycle>false</autoIncrementCycle>
</Column>
<Column name="fecha_de_emision" id="337DA7E9-2D49-8452-E6FA-F84A98FFE5B9">
<createdBy>derek</createdBy>
<createdTime>2024-04-28 21:10:40 UTC</createdTime>
<generatorID>E94B8A68-69A9-F9A8-1C30-E0D7E837B391</generatorID>
<ownerDesignName>Proyecto</ownerDesignName>
<nullsAllowed>true</nullsAllowed>
<useDomainConstraints>false</useDomainConstraints>
<use>1</use>
<logicalDatatype>LOGDT007</logicalDatatype>
<ownDataTypeParameters>,,</ownDataTypeParameters>
<autoIncrementCycle>false</autoIncrementCycle>
</Column>
<Column name="fecha_de_solicitud" id="5B1C94F0-B435-BB63-81D6-5E46C9CC146A">
<createdBy>derek</createdBy>
<createdTime>2024-04-28 21:10:40 UTC</createdTime>
<generatorID>D656E38F-A668-C1B5-11CC-4E1E92CE5757</generatorID>
<ownerDesignName>Proyecto</ownerDesignName>
<useDomainConstraints>false</useDomainConstraints>
<use>1</use>
<logicalDatatype>LOGDT007</logicalDatatype>
<ownDataTypeParameters>,,</ownDataTypeParameters>
<autoIncrementCycle>false</autoIncrementCycle>
</Column>
<Column name="estado" id="152E2035-FC28-8115-A983-B803D2CA9689">
<createdBy>derek</createdBy>
<createdTime>2024-04-28 21:10:40 UTC</createdTime>
<generatorID>133E05FA-747F-18A1-8A75-C954ADEACF8A</generatorID>
<ownerDesignName>Proyecto</ownerDesignName>
<useDomainConstraints>false</useDomainConstraints>
<use>1</use>
<logicalDatatype>LOGDT024</logicalDatatype>
<dataTypeSize>10 CHAR</dataTypeSize>
<ownDataTypeParameters>10 CHAR,,</ownDataTypeParameters>
<autoIncrementCycle>false</autoIncrementCycle>
</Column>
<Column name="monto_reclamado" id="B413D06D-7C2C-A5C1-0D50-A49701A81D2F">
<createdBy>derek</createdBy>
<createdTime>2024-04-28 21:10:40 UTC</createdTime>
<generatorID>D7227054-F11B-D3E3-5232-025E82BEAA50</generatorID>
<ownerDesignName>Proyecto</ownerDesignName>
<useDomainConstraints>false</useDomainConstraints>
<use>1</use>
<logicalDatatype>LOGDT021</logicalDatatype>
<dataTypePrecision>10</dataTypePrecision>
<dataTypeScale>2</dataTypeScale>
<ownDataTypeParameters>,10,2</ownDataTypeParameters>
<autoIncrementCycle>false</autoIncrementCycle>
</Column>
<Column name="monto_debitado" id="AF97A3F7-C871-9635-8053-D61F1F86729A">
<createdBy>derek</createdBy>
<createdTime>2024-04-28 21:10:40 UTC</createdTime>
<generatorID>C06B673E-D978-0C2C-2114-8E8647B4D39B</generatorID>
<ownerDesignName>Proyecto</ownerDesignName>
<useDomainConstraints>false</useDomainConstraints>
<use>1</use>
<logicalDatatype>LOGDT021</logicalDatatype>
<dataTypePrecision>10</dataTypePrecision>
<dataTypeScale>2</dataTypeScale>
<ownDataTypeParameters>,10,2</ownDataTypeParameters>
<autoIncrementCycle>false</autoIncrementCycle>
</Column>
<Column name="codigo_razon_pago_parcial" id="262AE7E6-4194-67AE-EB91-A61C6BF7609F">
<createdBy>derek</createdBy>
<createdTime>2024-04-28 21:10:40 UTC</createdTime>
<generatorID>45A07B22-3730-AAF1-9BC7-EA9F22632298</generatorID>
<ownerDesignName>Proyecto</ownerDesignName>
<nullsAllowed>true</nullsAllowed>
<useDomainConstraints>false</useDomainConstraints>
<use>1</use>
<logicalDatatype>LOGDT024</logicalDatatype>
<dataTypeSize>3 CHAR</dataTypeSize>
<ownDataTypeParameters>3 CHAR,,</ownDataTypeParameters>
<autoIncrementCycle>false</autoIncrementCycle>
</Column>
<Column name="fecha_pago_parcial" id="C22FF286-D594-55FE-2543-B18301AF30E5">
<createdBy>derek</createdBy>
<createdTime>2024-04-28 21:10:40 UTC</createdTime>
<generatorID>65D1E831-FF74-1C33-3C81-08B687AE3A93</generatorID>
<ownerDesignName>Proyecto</ownerDesignName>
<constraintName>chk pago parcial</constraintName>
<nullsAllowed>true</nullsAllowed>
<useDomainConstraints>false</useDomainConstraints>
<use>1</use>
<logicalDatatype>LOGDT007</logicalDatatype>
<checkConstraint>
<implementationDef dbType="Generic Constraint" definition="(codigo_razon_no_pago IS NULL AND fecha_pago_parcial IS NOT NULL) OR (codigo_razon_no_pago IS NOT NULL AND fecha_pago_parcial IS NUL)"/>
</checkConstraint>
<ownDataTypeParameters>,,</ownDataTypeParameters>
<autoIncrementCycle>false</autoIncrementCycle>
</Column>
<Column name="Cita_ID" id="BCB24D36-6D9F-242C-1975-D44D57615CC3">
<createdBy>derek</createdBy>
<createdTime>2024-04-28 21:10:40 UTC</createdTime>
<generatorID>48D98B9D-0882-173F-8A59-6A25DFF67C8B</generatorID>
<ownerDesignName>Proyecto</ownerDesignName>
<useDomainConstraints>false</useDomainConstraints>
<use>1</use>
<logicalDatatype>LOGDT011</logicalDatatype>
<ownDataTypeParameters>,,</ownDataTypeParameters>
<previousColumn>false</previousColumn>
<autoIncrementCycle>false</autoIncrementCycle>
<associations>
<colAssociation fkAssociation="D430FD7E-91F6-704A-2FD9-00B41D79D989" referredColumn="7831CB1A-034B-0E51-F3CC-6087816383E7"/>
</associations>
</Column>
<Column name="Poliza_numero" id="0494EAD0-EF43-9952-A1F0-6627F112A628">
<createdBy>derek</createdBy>
<createdTime>2024-04-28 21:10:40 UTC</createdTime>
<generatorID>5BFBB4CC-98A1-7FB1-0869-AA330449D5CD</generatorID>
<ownerDesignName>Proyecto</ownerDesignName>
<useDomainConstraints>false</useDomainConstraints>
<use>1</use>
<logicalDatatype>LOGDT024</logicalDatatype>
<dataTypeSize>6 CHAR</dataTypeSize>
<ownDataTypeParameters>6 CHAR,,</ownDataTypeParameters>
<previousColumn>false</previousColumn>
<autoIncrementCycle>false</autoIncrementCycle>
<associations>
<colAssociation fkAssociation="6F75AC4A-5600-8F85-7E76-7D0B63C00D20" referredColumn="DA1CB14F-7C01-B920-3CDE-042238DD8B3F"/>
</associations>
</Column>
</columns>
<indexes itemClass="oracle.dbtools.crest.model.design.relational.Index">
<ind_PK_UK id="04500709-E798-5A1C-B48A-0625580CD1B6" name="Reclamo_PK">
<createdBy>derek</createdBy>
<createdTime>2024-04-28 21:10:40 UTC</createdTime>
<generatorID>69510DBB-785E-0182-6DCE-C633594AA25B</generatorID>
<ownerDesignName>Proyecto</ownerDesignName>
<pk>true</pk>
<indexState>Primary Constraint</indexState>
<isSurrogateKey>false</isSurrogateKey>
<indexColumnUsage>
<colUsage columnID="A91C71EE-553F-E0EF-38D7-AFAF07581B66"/>
</indexColumnUsage>
</ind_PK_UK>
<ind_PK_UK id="89D9F3E4-43C4-5F37-0E85-C783897B8771" name="Reclamo__IDXv1">
<createdBy>derek</createdBy>
<createdTime>2024-04-28 21:10:41 UTC</createdTime>
<ownerDesignName>Proyecto</ownerDesignName>
<indexState>Unique Plain Index</indexState>
<isSurrogateKey>false</isSurrogateKey>
<relationGeneratorID>8CB217BF-4A96-0D3B-6CC6-4595366B99EA</relationGeneratorID>
<indexColumnUsage>
<colUsage columnID="0494EAD0-EF43-9952-A1F0-6627F112A628"/>
</indexColumnUsage>
</ind_PK_UK>
<ind_PK_UK id="80572077-E414-41A0-AD03-2FD871FE0E5B" name="Reclamo_Poliza_FK">
<createdBy>derek</createdBy>
<createdTime>2024-04-28 22:27:13 UTC</createdTime>
<generatorID>8CB217BF-4A96-0D3B-6CC6-4595366B99EA</generatorID>
<ownerDesignName>Proyecto</ownerDesignName>
<indexState>Foreign Key</indexState>
<isSurrogateKey>false</isSurrogateKey>
<indexColumnUsage>
<colUsage columnID="0494EAD0-EF43-9952-A1F0-6627F112A628"/>
</indexColumnUsage>
</ind_PK_UK>
<ind_PK_UK id="46FB6F09-381A-4EC0-86B8-2EF91F35FE71" name="Reclamo_Cita_FK">
<createdBy>derek</createdBy>
<createdTime>2024-04-28 21:10:41 UTC</createdTime>
<generatorID>51FF766B-FF3B-BF10-55E6-6E2E2A028E57</generatorID>
<ownerDesignName>Proyecto</ownerDesignName>
<indexState>Foreign Key</indexState>
<isSurrogateKey>false</isSurrogateKey>
<indexColumnUsage>
<colUsage columnID="BCB24D36-6D9F-242C-1975-D44D57615CC3"/>
</indexColumnUsage>
</ind_PK_UK>
<ind_PK_UK id="61AFD4BD-B05C-F44C-C099-B6A16F700F53" name="Reclamo_Poliza_FK">
<createdBy>derek</createdBy>
<createdTime>2024-04-29 00:10:14 UTC</createdTime>
<generatorID>8CB217BF-4A96-0D3B-6CC6-4595366B99EA</generatorID>
<ownerDesignName>Proyecto</ownerDesignName>
<indexState>Foreign Key</indexState>
<isSurrogateKey>false</isSurrogateKey>
<indexColumnUsage>
<colUsage columnID="0494EAD0-EF43-9952-A1F0-6627F112A628"/>
</indexColumnUsage>
</ind_PK_UK>
</indexes>
</Table>