<?xml version = '1.0' encoding = 'UTF-8'?>
<Table class="oracle.dbtools.crest.model.design.relational.Table" directorySegmentName="seg_0" id="E1C79FB8-BD72-CBC4-E15D-3FE69E174FDB" name="Motivo">
<createdBy>derek</createdBy>
<createdTime>2024-04-28 21:10:40 UTC</createdTime>
<generatorID>29BC24D8-CE32-3E54-795C-A7C2F3779995</generatorID>
<ownerDesignName>Proyecto 2DB</ownerDesignName>
<allowColumnReorder>false</allowColumnReorder>
<existDependencyGenerateInDDl>true</existDependencyGenerateInDDl>
<parsed>true</parsed>
<columns itemClass="oracle.dbtools.crest.model.design.relational.Column">
<Column name="ID" id="6AB71189-5A0E-F07F-5FDC-414C0A3B02B4">
<createdBy>derek</createdBy>
<createdTime>2024-04-28 21:10:40 UTC</createdTime>
<generatorID>A8476F60-8300-CC33-C578-05C49BE01D6E</generatorID>
<ownerDesignName>Proyecto 2DB</ownerDesignName>
<useDomainConstraints>false</useDomainConstraints>
<use>1</use>
<logicalDatatype>LOGDT024</logicalDatatype>
<dataTypeSize>20 CHAR</dataTypeSize>
<ownDataTypeParameters>20 CHAR,,</ownDataTypeParameters>
<autoIncrementCycle>false</autoIncrementCycle>
</Column>
<Column name="descripcion" id="8419FA26-4D5F-D77F-BC19-13B1CFED4C40">
<createdBy>derek</createdBy>
<createdTime>2024-04-28 21:10:40 UTC</createdTime>
<generatorID>2BE69ECB-0C06-6B96-DEAD-43D0199037E4</generatorID>
<ownerDesignName>Proyecto 2DB</ownerDesignName>
<useDomainConstraints>false</useDomainConstraints>
<use>1</use>
<logicalDatatype>LOGDT024</logicalDatatype>
<dataTypeSize>20 CHAR</dataTypeSize>
<ownDataTypeParameters>20 CHAR,,</ownDataTypeParameters>
<autoIncrementCycle>false</autoIncrementCycle>
</Column>
<Column name="Cita_ID" id="A37C20F4-9739-31E9-91F5-85B4CD8EE681">
<createdBy>derek</createdBy>
<createdTime>2024-04-28 21:10:40 UTC</createdTime>
<generatorID>113D88A4-7534-D08D-E852-3CD66AE52FDF</generatorID>
<ownerDesignName>Proyecto 2DB</ownerDesignName>
<useDomainConstraints>false</useDomainConstraints>
<use>1</use>
<logicalDatatype>LOGDT011</logicalDatatype>
<ownDataTypeParameters>,,</ownDataTypeParameters>
<previousColumn>false</previousColumn>
<autoIncrementCycle>false</autoIncrementCycle>
<associations>
<colAssociation fkAssociation="8B649CBE-BED5-169C-55E4-4BAECA5B4686" referredColumn="7831CB1A-034B-0E51-F3CC-6087816383E7"/>
</associations>
</Column>
</columns>
<indexes itemClass="oracle.dbtools.crest.model.design.relational.Index">
<ind_PK_UK id="9D82C4D6-DE98-3A5A-2059-936A2F4CD5A3" name="Motivo_PK">
<createdBy>derek</createdBy>
<createdTime>2024-04-28 21:10:40 UTC</createdTime>
<generatorID>4CEA7033-0557-8148-FB0C-CB8E6EFC8C48</generatorID>
<ownerDesignName>Proyecto 2DB</ownerDesignName>
<pk>true</pk>
<indexState>Primary Constraint</indexState>
<isSurrogateKey>false</isSurrogateKey>
<indexColumnUsage>
<colUsage columnID="6AB71189-5A0E-F07F-5FDC-414C0A3B02B4"/>
</indexColumnUsage>
</ind_PK_UK>
<ind_PK_UK id="E184399A-3113-E898-ED8F-F9B99B3CFEE4" name="Motivo_Cita_FK">
<createdBy>derek</createdBy>
<createdTime>2024-04-28 21:10:41 UTC</createdTime>
<generatorID>2F03E0A5-FF81-B22A-C9CE-1D06F9E1AF79</generatorID>
<ownerDesignName>Proyecto 2DB</ownerDesignName>
<indexState>Foreign Key</indexState>
<isSurrogateKey>false</isSurrogateKey>
<indexColumnUsage>
<colUsage columnID="A37C20F4-9739-31E9-91F5-85B4CD8EE681"/>
</indexColumnUsage>
</ind_PK_UK>
</indexes>
</Table>