<?xml version = '1.0' encoding = 'UTF-8'?>
<Table class="oracle.dbtools.crest.model.design.relational.Table" directorySegmentName="seg_0" id="EA66B603-415D-BF98-988B-972636932631" name="Persona_de_contacto">
<createdBy>derek</createdBy>
<createdTime>2024-04-28 21:10:40 UTC</createdTime>
<generatorID>0CD6BE3F-3674-71C8-89FD-26D285C24FC9</generatorID>
<ownerDesignName>Proyecto</ownerDesignName>
<allowColumnReorder>false</allowColumnReorder>
<existDependencyGenerateInDDl>true</existDependencyGenerateInDDl>
<parsed>true</parsed>
<columns itemClass="oracle.dbtools.crest.model.design.relational.Column">
<Column name="cedula" id="797FDCB4-8A9B-BC88-2055-D83C43E61C75">
<createdBy>derek</createdBy>
<createdTime>2024-04-28 21:10:40 UTC</createdTime>
<generatorID>5BB8CD78-8CF4-5926-5E4B-E5EB27618D21</generatorID>
<ownerDesignName>Proyecto</ownerDesignName>
<useDomainConstraints>false</useDomainConstraints>
<use>1</use>
<logicalDatatype>LOGDT024</logicalDatatype>
<dataTypeSize>10 CHAR</dataTypeSize>
<ownDataTypeParameters>10 CHAR,,</ownDataTypeParameters>
<autoIncrementCycle>false</autoIncrementCycle>
</Column>
<Column name="telefono" id="5836C35E-3F61-6A7F-B029-29441F14BBF3">
<createdBy>derek</createdBy>
<createdTime>2024-04-28 21:10:40 UTC</createdTime>
<generatorID>2AAE386C-4562-3176-AFF3-58E835A7DE78</generatorID>
<ownerDesignName>Proyecto</ownerDesignName>
<useDomainConstraints>false</useDomainConstraints>
<use>1</use>
<logicalDatatype>LOGDT024</logicalDatatype>
<dataTypeSize>10 CHAR</dataTypeSize>
<ownDataTypeParameters>10 CHAR,,</ownDataTypeParameters>
<autoIncrementCycle>false</autoIncrementCycle>
</Column>
<Column name="Aseguradora_NIT" id="8774FD7D-4F3A-5C93-6418-BC2DE5F9FEAC">
<createdBy>derek</createdBy>
<createdTime>2024-04-28 21:10:40 UTC</createdTime>
<generatorID>E9B4C3F4-870D-48F8-A4C5-C2B1828046CD</generatorID>
<ownerDesignName>Proyecto</ownerDesignName>
<useDomainConstraints>false</useDomainConstraints>
<use>1</use>
<logicalDatatype>LOGDT024</logicalDatatype>
<dataTypeSize>9 CHAR</dataTypeSize>
<ownDataTypeParameters>9 CHAR,,</ownDataTypeParameters>
<previousColumn>false</previousColumn>
<autoIncrementCycle>false</autoIncrementCycle>
<associations>
<colAssociation fkAssociation="5730E687-BCF9-70CA-AF58-2D9EBECE384F" referredColumn="C8D654E0-E7E2-14BA-DA75-9209B2C9BA54"/>
</associations>
</Column>
</columns>
<indexes itemClass="oracle.dbtools.crest.model.design.relational.Index">
<ind_PK_UK id="E49586A4-3AF2-12BB-ACC1-EE53FF3F8F5D" name="Persona_de_contacto_PK">
<createdBy>derek</createdBy>
<createdTime>2024-04-28 21:10:40 UTC</createdTime>
<generatorID>313864B2-030D-8BEB-0877-C20A67D0C79D</generatorID>
<ownerDesignName>Proyecto</ownerDesignName>
<pk>true</pk>
<indexState>Primary Constraint</indexState>
<isSurrogateKey>false</isSurrogateKey>
<indexColumnUsage>
<colUsage columnID="797FDCB4-8A9B-BC88-2055-D83C43E61C75"/>
</indexColumnUsage>
</ind_PK_UK>
<ind_PK_UK id="2E6BD31C-12F0-8041-2F7F-18F100CFD2A5" name="Persona_de_contacto__IDX">
<createdBy>derek</createdBy>
<createdTime>2024-04-28 21:10:41 UTC</createdTime>
<ownerDesignName>Proyecto</ownerDesignName>
<indexState>Unique Plain Index</indexState>
<isSurrogateKey>false</isSurrogateKey>
<relationGeneratorID>5B1B1D6C-2D81-0C7D-0730-6AC13D96CB73</relationGeneratorID>
<indexColumnUsage>
<colUsage columnID="8774FD7D-4F3A-5C93-6418-BC2DE5F9FEAC"/>
</indexColumnUsage>
</ind_PK_UK>
<ind_PK_UK id="23F5527D-26E3-6686-EDA3-635656094278" name="Persona_de_contacto_Aseguradora_FK">
<createdBy>derek</createdBy>
<createdTime>2024-04-28 22:27:13 UTC</createdTime>
<generatorID>5B1B1D6C-2D81-0C7D-0730-6AC13D96CB73</generatorID>
<ownerDesignName>Proyecto</ownerDesignName>
<indexState>Foreign Key</indexState>
<isSurrogateKey>false</isSurrogateKey>
<indexColumnUsage>
<colUsage columnID="8774FD7D-4F3A-5C93-6418-BC2DE5F9FEAC"/>
</indexColumnUsage>
</ind_PK_UK>
<ind_PK_UK id="98350E9C-5E1A-0C06-D1B3-B67B590CE172" name="Persona_de_contacto_Aseguradora_FK">
<createdBy>derek</createdBy>
<createdTime>2024-04-29 00:10:14 UTC</createdTime>
<generatorID>5B1B1D6C-2D81-0C7D-0730-6AC13D96CB73</generatorID>
<ownerDesignName>Proyecto</ownerDesignName>
<indexState>Foreign Key</indexState>
<isSurrogateKey>false</isSurrogateKey>
<indexColumnUsage>
<colUsage columnID="8774FD7D-4F3A-5C93-6418-BC2DE5F9FEAC"/>
</indexColumnUsage>
</ind_PK_UK>
</indexes>
</Table>