<?xml version = '1.0' encoding = 'UTF-8'?>
<Table class="oracle.dbtools.crest.model.design.relational.Table" directorySegmentName="seg_0" id="F7DB9CC1-DEB6-EE0D-7536-2592B96F9370" name="alergia">
<createdBy>derek</createdBy>
<createdTime>2024-04-28 21:10:40 UTC</createdTime>
<generatorID>C7F69757-B5E8-DCED-AD59-0AEEC0248F80</generatorID>
<ownerDesignName>Proyecto 2DB</ownerDesignName>
<allowColumnReorder>false</allowColumnReorder>
<existDependencyGenerateInDDl>true</existDependencyGenerateInDDl>
<parsed>true</parsed>
<columns itemClass="oracle.dbtools.crest.model.design.relational.Column">
<Column name="ID" id="A932398B-6FB0-0795-3260-03B20BE82339">
<createdBy>derek</createdBy>
<createdTime>2024-04-28 21:10:40 UTC</createdTime>
<generatorID>025024A0-11C5-7E52-E284-5567594D073A</generatorID>
<ownerDesignName>Proyecto 2DB</ownerDesignName>
<useDomainConstraints>false</useDomainConstraints>
<use>1</use>
<logicalDatatype>LOGDT024</logicalDatatype>
<dataTypeSize>3 CHAR</dataTypeSize>
<ownDataTypeParameters>3 CHAR,,</ownDataTypeParameters>
<autoIncrementCycle>false</autoIncrementCycle>
</Column>
<Column name="descripcion" id="D9BA66AB-4013-EB2B-EDC5-9E6F18CBCC93">
<createdBy>derek</createdBy>
<createdTime>2024-04-28 21:10:40 UTC</createdTime>
<generatorID>66D886CC-A3A8-0F5A-0F20-A956D38494F7</generatorID>
<ownerDesignName>Proyecto 2DB</ownerDesignName>
<useDomainConstraints>false</useDomainConstraints>
<use>1</use>
<logicalDatatype>LOGDT024</logicalDatatype>
<dataTypeSize>20 CHAR</dataTypeSize>
<ownDataTypeParameters>20 CHAR,,</ownDataTypeParameters>
<autoIncrementCycle>false</autoIncrementCycle>
</Column>
<Column name="Paciente_cedula" id="029D4B2B-0770-3AE6-A53E-6CF872743B17">
<createdBy>derek</createdBy>
<createdTime>2024-04-28 21:10:40 UTC</createdTime>
<generatorID>CFB9877E-CD61-51A4-9E22-DA2EBA9780C7</generatorID>
<ownerDesignName>Proyecto 2DB</ownerDesignName>
<nullsAllowed>true</nullsAllowed>
<useDomainConstraints>false</useDomainConstraints>
<use>1</use>
<logicalDatatype>LOGDT024</logicalDatatype>
<dataTypeSize>10 CHAR</dataTypeSize>
<ownDataTypeParameters>,,</ownDataTypeParameters>
<previousColumn>false</previousColumn>
<autoIncrementCycle>false</autoIncrementCycle>
<associations>
<colAssociation fkAssociation="D3C6CCEE-D2EF-2413-FB4A-92A288161ACE" referredColumn="1635E786-D41D-5EC0-3ADC-FB2D9326A396"/>
</associations>
</Column>
</columns>
<indexes itemClass="oracle.dbtools.crest.model.design.relational.Index">
<ind_PK_UK id="7DEE398D-007B-BC5B-4C2E-2D8FA5A0D01C" name="alergia_PK">
<createdBy>derek</createdBy>
<createdTime>2024-04-28 21:10:40 UTC</createdTime>
<generatorID>CEB9490A-9988-2E3E-E58C-39A1A576BDDA</generatorID>
<ownerDesignName>Proyecto 2DB</ownerDesignName>
<pk>true</pk>
<indexState>Primary Constraint</indexState>
<isSurrogateKey>false</isSurrogateKey>
<indexColumnUsage>
<colUsage columnID="A932398B-6FB0-0795-3260-03B20BE82339"/>
</indexColumnUsage>
</ind_PK_UK>
<ind_PK_UK id="0DB2A33B-1752-0D15-7FE2-4958C9958CA0" name="alergia_Paciente_FK">
<createdBy>derek</createdBy>
<createdTime>2024-04-28 21:10:41 UTC</createdTime>
<generatorID>808E2F5D-ED15-0737-A162-46BD0DDE55FB</generatorID>
<ownerDesignName>Proyecto 2DB</ownerDesignName>
<indexState>Foreign Key</indexState>
<isSurrogateKey>false</isSurrogateKey>
<indexColumnUsage>
<colUsage columnID="029D4B2B-0770-3AE6-A53E-6CF872743B17"/>
</indexColumnUsage>
</ind_PK_UK>
</indexes>
</Table>