<?xml version = '1.0' encoding = 'UTF-8'?>
<Diagram class="oracle.dbtools.crest.swingui.logical.DPVLogical" name="Logical" id="7BC6776F-684E-9403-AEF4-E5D6104EC300">
<createdBy>derek</createdBy>
<modifiedBy>derek</modifiedBy>
<createdTime>2024-04-28 19:56:02 UTC</createdTime>
<autoRoute>false</autoRoute>
<boxInbox>true</boxInbox>
<showLegend>false</showLegend>
<showLabels>false</showLabels>
<showRelAttributes>false</showRelAttributes>
<gridEnabled>false</gridEnabled>
<showGrid>false</showGrid>
<diagramColor>-1</diagramColor>
<display>false</display>
<notation>1</notation>
<objectViews>
<OView class="oracle.dbtools.crest.swingui.logical.TVEntity" oid="0CD6BE3F-3674-71C8-89FD-26D285C24FC9" otype="Entity" vid="D0DC608C-80B7-1188-4061-5B05B4FAE7BA">
<hideElementsInCurrentOnly>false</hideElementsInCurrentOnly>
<bounds x="681" y="0" width="255" height="133"/>
</OView>
<OView class="oracle.dbtools.crest.swingui.logical.TVEntity" oid="29AE9746-7854-F763-DDEC-593D4BD248D9" otype="Entity" vid="ED843E4E-FE0A-C6A0-6964-8F822AC9C242">
<hideElementsInCurrentOnly>false</hideElementsInCurrentOnly>
<bounds x="449" y="475" width="296" height="216"/>
</OView>
<OView class="oracle.dbtools.crest.swingui.logical.TVEntity" oid="29BC24D8-CE32-3E54-795C-A7C2F3779995" otype="Entity" vid="C3BCA5FE-F471-41AD-9FAC-C526ED7D20A8">
<hideElementsInCurrentOnly>false</hideElementsInCurrentOnly>
<bounds x="517" y="730" width="217" height="110"/>
</OView>
<OView class="oracle.dbtools.crest.swingui.logical.TVEntity" oid="2DAD87AA-1EC3-72A3-B0A1-8B7F1430FA37" otype="Entity" vid="13B4CB97-DF4F-41BB-B7C9-F14BFC76982F">
<hideElementsInCurrentOnly>false</hideElementsInCurrentOnly>
<bounds x="1168" y="180" width="280" height="130"/>
</OView>
<OView class="oracle.dbtools.crest.swingui.logical.TVEntity" oid="31BA9B22-87C2-3697-EB32-59206C5BE3F7" otype="Entity" vid="E3148AD2-824C-409B-EBDB-2EAFC77F0077">
<hideElementsInCurrentOnly>false</hideElementsInCurrentOnly>
<bounds x="263" y="6" width="307" height="199"/>
</OView>
<OView class="oracle.dbtools.crest.swingui.logical.TVEntity" oid="889F4064-9A3B-3C41-2A67-C36BDE1DFC68" otype="Entity" vid="20FFF93C-8D0D-D8D2-63C1-ECC3FD08BD8D">
<hideElementsInCurrentOnly>false</hideElementsInCurrentOnly>
<bounds x="78" y="718" width="307" height="110"/>
</OView>
<OView class="oracle.dbtools.crest.swingui.logical.TVEntity" oid="9E38FB56-9B35-C6D5-3F3B-1F8BD4FAD3BC" otype="Entity" vid="1933C8FE-7F3A-F554-D3F0-BBB8FB6D108E">
<hideElementsInCurrentOnly>false</hideElementsInCurrentOnly>
<bounds x="10" y="291" width="245" height="162"/>
</OView>
<OView class="oracle.dbtools.crest.swingui.logical.TVEntity" oid="B3ADEA3A-8948-E302-910F-3E70E5D9942D" otype="Entity" vid="9F850F70-7F4E-BD38-89BA-53C22ED837CC">
<hideElementsInCurrentOnly>false</hideElementsInCurrentOnly>
<bounds x="343" y="242" width="237" height="216"/>
</OView>
<OView class="oracle.dbtools.crest.swingui.logical.TVEntity" oid="C7F69757-B5E8-DCED-AD59-0AEEC0248F80" otype="Entity" vid="EA1CB0B7-EAAE-07C6-6C05-780F5C382D94">
<hideElementsInCurrentOnly>false</hideElementsInCurrentOnly>
<bounds x="899" y="706" width="245" height="131"/>
</OView>
<OView class="oracle.dbtools.crest.swingui.logical.TVEntity" oid="D0E6A5DA-8AC2-9A66-106D-39F1FB058547" otype="Entity" vid="80115EB9-8DE1-61EF-361B-1E8F76F05B40">
<hideElementsInCurrentOnly>false</hideElementsInCurrentOnly>
<bounds x="714" y="160" width="350" height="279"/>
</OView>
<OView class="oracle.dbtools.crest.swingui.logical.TVEntity" oid="D10AF15B-CA75-17F4-3BE8-9049112091B0" otype="Entity" vid="934D904E-E23C-9498-5209-4D683BCE97F0">
<hideElementsInCurrentOnly>false</hideElementsInCurrentOnly>
<bounds x="1231" y="498" width="229" height="127"/>
</OView>
<OView class="oracle.dbtools.crest.swingui.logical.TVEntity" oid="E955CCFC-9E47-44D1-29B6-5C4733C75BE3" otype="Entity" vid="91C6255A-BD31-7676-BE95-43CA94FC214D">
<hideElementsInCurrentOnly>false</hideElementsInCurrentOnly>
<bounds x="880" y="480" width="290" height="182"/>
</OView>
<OView class="oracle.dbtools.crest.swingui.logical.TVEntity" oid="EDCC9237-B44C-D2A3-9C7E-0526C6A5B3C9" otype="Entity" vid="4A51A0F6-47D8-BA74-5FFF-D747283A4795">
<hideElementsInCurrentOnly>false</hideElementsInCurrentOnly>
<bounds x="90" y="533" width="220" height="120"/>
</OView>
</objectViews>
<connectors>
<Connector class="oracle.dbtools.crest.swingui.logical.TVRelation" oid="2F03E0A5-FF81-B22A-C9CE-1D06F9E1AF79" otype="Relation" vid_source="ED843E4E-FE0A-C6A0-6964-8F822AC9C242" vid_target="C3BCA5FE-F471-41AD-9FAC-C526ED7D20A8">
<hideElementsInCurrentOnly>false</hideElementsInCurrentOnly>
<backgroundColor>-16777216</backgroundColor>
<lineWidth>1</lineWidth>
<points>
<point x="625" y="691"/>
<point x="625" y="730"/>
</points>
</Connector>
<Connector class="oracle.dbtools.crest.swingui.logical.TVRelation" oid="4A11C3F9-51E0-D0AB-1452-CD0BDFF4BDB8" otype="Relation" vid_source="ED843E4E-FE0A-C6A0-6964-8F822AC9C242" vid_target="91C6255A-BD31-7676-BE95-43CA94FC214D">
<hideElementsInCurrentOnly>false</hideElementsInCurrentOnly>
<backgroundColor>-16777216</backgroundColor>
<lineWidth>1</lineWidth>
<points>
<point x="745" y="571"/>
<point x="880" y="571"/>
</points>
</Connector>
<Connector class="oracle.dbtools.crest.swingui.logical.TVRelation" oid="50AEA90A-DC3A-9C97-6E2B-0E0755982992" otype="Relation" vid_source="80115EB9-8DE1-61EF-361B-1E8F76F05B40" vid_target="13B4CB97-DF4F-41BB-B7C9-F14BFC76982F">
<hideElementsInCurrentOnly>false</hideElementsInCurrentOnly>
<backgroundColor>-16777216</backgroundColor>
<lineWidth>1</lineWidth>
<points>
<point x="1064" y="245"/>
<point x="1168" y="245"/>
</points>
</Connector>
<Connector class="oracle.dbtools.crest.swingui.logical.TVRelation" oid="51FF766B-FF3B-BF10-55E6-6E2E2A028E57" otype="Relation" vid_source="ED843E4E-FE0A-C6A0-6964-8F822AC9C242" vid_target="80115EB9-8DE1-61EF-361B-1E8F76F05B40">
<hideElementsInCurrentOnly>false</hideElementsInCurrentOnly>
<backgroundColor>-16777216</backgroundColor>
<lineWidth>1</lineWidth>
<points>
<point x="729" y="475"/>
<point x="729" y="439"/>
</points>
</Connector>
<Connector class="oracle.dbtools.crest.swingui.logical.TVRelation" oid="5B1B1D6C-2D81-0C7D-0730-6AC13D96CB73" otype="Relation" vid_source="E3148AD2-824C-409B-EBDB-2EAFC77F0077" vid_target="D0DC608C-80B7-1188-4061-5B05B4FAE7BA">
<hideElementsInCurrentOnly>false</hideElementsInCurrentOnly>
<backgroundColor>-16777216</backgroundColor>
<lineWidth>1</lineWidth>
<points>
<point x="570" y="69"/>
<point x="681" y="69"/>
</points>
</Connector>
<Connector class="oracle.dbtools.crest.swingui.logical.TVRelation" oid="808E2F5D-ED15-0737-A162-46BD0DDE55FB" otype="Relation" vid_source="91C6255A-BD31-7676-BE95-43CA94FC214D" vid_target="EA1CB0B7-EAAE-07C6-6C05-780F5C382D94">
<hideElementsInCurrentOnly>false</hideElementsInCurrentOnly>
<backgroundColor>-16777216</backgroundColor>
<lineWidth>1</lineWidth>
<points>
<point x="1021" y="662"/>
<point x="1021" y="706"/>
</points>
</Connector>
<Connector class="oracle.dbtools.crest.swingui.logical.TVRelation" oid="8CB217BF-4A96-0D3B-6CC6-4595366B99EA" otype="Relation" vid_source="80115EB9-8DE1-61EF-361B-1E8F76F05B40" vid_target="9F850F70-7F4E-BD38-89BA-53C22ED837CC">
<hideElementsInCurrentOnly>false</hideElementsInCurrentOnly>
<backgroundColor>-16777216</backgroundColor>
<lineWidth>1</lineWidth>
<points>
<point x="714" y="340"/>
<point x="580" y="340"/>
</points>
</Connector>
<Connector class="oracle.dbtools.crest.swingui.logical.TVRelation" oid="C6314DAD-EEB1-8846-3C0D-E40DEC3D015B" otype="Relation" vid_source="4A51A0F6-47D8-BA74-5FFF-D747283A4795" vid_target="20FFF93C-8D0D-D8D2-63C1-ECC3FD08BD8D">
<hideElementsInCurrentOnly>false</hideElementsInCurrentOnly>
<backgroundColor>-16777216</backgroundColor>
<lineWidth>1</lineWidth>
<points>
<point x="200" y="653"/>
<point x="200" y="718"/>
</points>
</Connector>
<Connector class="oracle.dbtools.crest.swingui.logical.TVRelation" oid="D0363FE2-8AC0-47B9-103C-A877B7ECABE1" otype="Relation" vid_source="4A51A0F6-47D8-BA74-5FFF-D747283A4795" vid_target="ED843E4E-FE0A-C6A0-6964-8F822AC9C242">
<hideElementsInCurrentOnly>false</hideElementsInCurrentOnly>
<backgroundColor>-16777216</backgroundColor>
<lineWidth>1</lineWidth>
<points>
<point x="310" y="593"/>
<point x="449" y="593"/>
</points>
</Connector>
<Connector class="oracle.dbtools.crest.swingui.logical.TVRelation" oid="E28312D1-BBF0-3794-743C-B33B48B9AE50" otype="Relation" vid_source="E3148AD2-824C-409B-EBDB-2EAFC77F0077" vid_target="9F850F70-7F4E-BD38-89BA-53C22ED837CC">
<hideElementsInCurrentOnly>false</hideElementsInCurrentOnly>
<backgroundColor>-16777216</backgroundColor>
<lineWidth>1</lineWidth>
<points>
<point x="471" y="205"/>
<point x="471" y="242"/>
</points>
</Connector>
<Connector class="oracle.dbtools.crest.swingui.logical.TVRelation" oid="E80C4709-FFF8-AF4E-0350-8E867BD26D7E" otype="Relation" vid_source="934D904E-E23C-9498-5209-4D683BCE97F0" vid_target="91C6255A-BD31-7676-BE95-43CA94FC214D">
<hideElementsInCurrentOnly>false</hideElementsInCurrentOnly>
<backgroundColor>-16777216</backgroundColor>
<lineWidth>1</lineWidth>
<points>
<point x="1231" y="561"/>
<point x="1170" y="561"/>
</points>
</Connector>
<Connector class="oracle.dbtools.crest.swingui.logical.TVRelation" oid="F89BEDCB-48B4-7540-DBC9-FCB7ECA9BEDB" otype="Relation" vid_source="9F850F70-7F4E-BD38-89BA-53C22ED837CC" vid_target="1933C8FE-7F3A-F554-D3F0-BBB8FB6D108E">
<hideElementsInCurrentOnly>false</hideElementsInCurrentOnly>
<backgroundColor>-16777216</backgroundColor>
<lineWidth>1</lineWidth>
<points>
<point x="343" y="372"/>
<point x="255" y="372"/>
</points>
</Connector>
</connectors>
</Diagram>