<?xml version = '1.0' encoding = 'UTF-8'?>
<FKIndexAssociation class="oracle.dbtools.crest.model.design.relational.FKIndexAssociation" directorySegmentName="seg_0" id="7C6FA39C-AED2-1F9A-4237-FB9A77E9EFF9" containerWithKeyObject="18E32CE3-A6A2-357D-AF7F-0F9AC741DD85" localFKIndex="D6060377-0DE2-EECF-5605-7AA21A88CE68" name="Cita_Miembro_Personal_FK">
<createdBy>derek</createdBy>
<createdTime>2024-04-28 21:10:40 UTC</createdTime>
<generatorID>D0363FE2-8AC0-47B9-103C-A877B7ECABE1</generatorID>
<ownerDesignName>Proyecto 2DB</ownerDesignName>
<referredTableLongName>Miembro_Personal</referredTableLongName>
<deleteRule>NO ACTION</deleteRule>
<referredTableID>006488C0-5738-44BA-9A20-3B5EDA887CE1</referredTableID>
<keyObject>CBB3D3A4-D60E-9A8C-0F44-CBF7C0DCEA48</keyObject>
<referredKeyID>CBB3D3A4-D60E-9A8C-0F44-CBF7C0DCEA48</referredKeyID>
<mandatory>true</mandatory>
<refColNames>Cedula</refColNames>
<transferable>true</transferable>
<rely>false</rely>
<columnDependencyConstraintGenerateInDDL>true</columnDependencyConstraintGenerateInDDL>
</FKIndexAssociation>