<?xml version = '1.0' encoding = 'UTF-8'?>
<FKIndexAssociation class="oracle.dbtools.crest.model.design.relational.FKIndexAssociation" directorySegmentName="seg_0" id="8B6E8B7D-F3E7-D38A-D60C-3ECB8492BB71" containerWithKeyObject="6998C426-790F-0C75-87D3-97C24646276C" localFKIndex="F46C3D29-7F4F-7D5F-5315-5DB599888148" name="Poliza_Cobertura_FK">
<createdBy>derek</createdBy>
<createdTime>2024-04-28 21:25:59 UTC</createdTime>
<generatorID>F89BEDCB-48B4-7540-DBC9-FCB7ECA9BEDB</generatorID>
<ownerDesignName>Proyecto</ownerDesignName>
<referredTableLongName>Cobertura</referredTableLongName>
<deleteRule>NO ACTION</deleteRule>
<referredTableID>D9733707-4FC5-21D8-C89F-C3AA32FFC3AE</referredTableID>
<keyObject>CA7F9CBA-8691-C938-4F18-2B65BC0D4CFF</keyObject>
<referredKeyID>CA7F9CBA-8691-C938-4F18-2B65BC0D4CFF</referredKeyID>
<mandatory>true</mandatory>
<refColNames>ID</refColNames>
<transferable>true</transferable>
<rely>false</rely>
<columnDependencyConstraintGenerateInDDL>true</columnDependencyConstraintGenerateInDDL>
</FKIndexAssociation>