<?xml version = '1.0' encoding = 'UTF-8'?>
<FKIndexAssociation class="oracle.dbtools.crest.model.design.relational.FKIndexAssociation" directorySegmentName="seg_0" id="BBCF03D4-6628-1B3F-C87C-CDE7DC44752F" containerWithKeyObject="6998C426-790F-0C75-87D3-97C24646276C" localFKIndex="9DAAD251-7D36-E128-DE4D-C2CC794C16E5" name="Poliza_Reclamo_FK">
<createdBy>derek</createdBy>
<createdTime>2024-04-29 00:10:14 UTC</createdTime>
<generatorID>8CB217BF-4A96-0D3B-6CC6-4595366B99EA</generatorID>
<ownerDesignName>Proyecto</ownerDesignName>
<referredTableLongName>Reclamo</referredTableLongName>
<deleteRule>NO ACTION</deleteRule>
<referredTableID>B232E40B-425E-83C9-7E96-A9FF8F178D67</referredTableID>
<keyObject>04500709-E798-5A1C-B48A-0625580CD1B6</keyObject>
<referredKeyID>04500709-E798-5A1C-B48A-0625580CD1B6</referredKeyID>
<mandatory>true</mandatory>
<refColNames>codigo</refColNames>
<transferable>true</transferable>
<rely>false</rely>
<columnDependencyConstraintGenerateInDDL>true</columnDependencyConstraintGenerateInDDL>
</FKIndexAssociation>