<?xml version = '1.0' encoding = 'UTF-8'?>
<FKIndexAssociation class="oracle.dbtools.crest.model.design.relational.FKIndexAssociation" directorySegmentName="seg_0" id="D01C2415-D51A-1D37-AEA0-965FE0FD20DF" containerWithKeyObject="6998C426-790F-0C75-87D3-97C24646276C" localFKIndex="585844B7-8E26-8DBB-EA2E-9E5EC30A23CD" name="Poliza_Aseguradora_FK">
<createdBy>derek</createdBy>
<createdTime>2024-04-29 00:08:49 UTC</createdTime>
<generatorID>E28312D1-BBF0-3794-743C-B33B48B9AE50</generatorID>
<ownerDesignName>Proyecto</ownerDesignName>
<referredTableLongName>Aseguradora</referredTableLongName>
<deleteRule>NO ACTION</deleteRule>
<referredTableID>99EE3322-E7CF-AB12-38E7-CCFA40A69335</referredTableID>
<keyObject>E507F6D3-5F62-2B89-6534-4BD5164C1DB9</keyObject>
<referredKeyID>E507F6D3-5F62-2B89-6534-4BD5164C1DB9</referredKeyID>
<mandatory>true</mandatory>
<refColNames>NIT</refColNames>
<transferable>true</transferable>
<rely>false</rely>
<columnDependencyConstraintGenerateInDDL>true</columnDependencyConstraintGenerateInDDL>
</FKIndexAssociation>