<?xml version = '1.0' encoding = 'UTF-8'?>
<FKIndexAssociation class="oracle.dbtools.crest.model.design.relational.FKIndexAssociation" directorySegmentName="seg_0" id="D3C6CCEE-D2EF-2413-FB4A-92A288161ACE" containerWithKeyObject="F7DB9CC1-DEB6-EE0D-7536-2592B96F9370" localFKIndex="0DB2A33B-1752-0D15-7FE2-4958C9958CA0" name="alergia_Paciente_FK">
<createdBy>derek</createdBy>
<createdTime>2024-04-28 21:10:41 UTC</createdTime>
<generatorID>808E2F5D-ED15-0737-A162-46BD0DDE55FB</generatorID>
<ownerDesignName>Proyecto 2DB</ownerDesignName>
<referredTableLongName>Paciente</referredTableLongName>
<deleteRule>NO ACTION</deleteRule>
<referredTableID>F94018A0-4917-36D9-085D-72222302DD09</referredTableID>
<keyObject>6317F39E-5720-12CC-D0C1-D79815C81D1A</keyObject>
<referredKeyID>6317F39E-5720-12CC-D0C1-D79815C81D1A</referredKeyID>
<mandatory>false</mandatory>
<refColNames>cedula</refColNames>
<transferable>true</transferable>
<rely>false</rely>
<columnDependencyConstraintGenerateInDDL>true</columnDependencyConstraintGenerateInDDL>
</FKIndexAssociation>