<?xml version = '1.0' encoding = 'UTF-8'?>
<FKIndexAssociation class="oracle.dbtools.crest.model.design.relational.FKIndexAssociation" directorySegmentName="seg_0" id="D430FD7E-91F6-704A-2FD9-00B41D79D989" containerWithKeyObject="B232E40B-425E-83C9-7E96-A9FF8F178D67" localFKIndex="46FB6F09-381A-4EC0-86B8-2EF91F35FE71" name="Reclamo_Cita_FK">
<createdBy>derek</createdBy>
<createdTime>2024-04-28 21:10:41 UTC</createdTime>
<generatorID>51FF766B-FF3B-BF10-55E6-6E2E2A028E57</generatorID>
<ownerDesignName>Proyecto 2DB</ownerDesignName>
<referredTableLongName>Cita</referredTableLongName>
<deleteRule>NO ACTION</deleteRule>
<referredTableID>18E32CE3-A6A2-357D-AF7F-0F9AC741DD85</referredTableID>
<keyObject>E3AD21C3-0260-5B87-B6AC-23503A1FF37C</keyObject>
<referredKeyID>E3AD21C3-0260-5B87-B6AC-23503A1FF37C</referredKeyID>
<mandatory>true</mandatory>
<refColNames>ID</refColNames>
<transferable>true</transferable>
<rely>false</rely>
<columnDependencyConstraintGenerateInDDL>true</columnDependencyConstraintGenerateInDDL>
</FKIndexAssociation>