<?xml version = '1.0' encoding = 'UTF-8'?>
<Entity class="oracle.dbtools.crest.model.design.logical.Entity" directorySegmentName="seg_0" id="29AE9746-7854-F763-DDEC-593D4BD248D9" name="Cita">
<createdBy>derek</createdBy>
<createdTime>2024-04-28 20:11:14 UTC</createdTime>
<ownerDesignName>Proyecto 2DB</ownerDesignName>
<engineerTo>
<item key="E7E453A3-DEB2-4D4B-E4A4-3C027F6257BD" value="true"/>
</engineerTo>
<adequatelyNormalized>NO</adequatelyNormalized>
<expectedVolumes>0</expectedVolumes>
<fwdEngineeringStrategyName>Single Table</fwdEngineeringStrategyName>
<growthPercent>0</growthPercent>
<growthType>Year</growthType>
<maxVolumes>9999999</maxVolumes>
<minVolumes>0</minVolumes>
<normalForm>Third</normalForm>
<attributes itemClass="oracle.dbtools.crest.model.design.logical.Attribute">
<Attribute name="ID" id="43448824-040A-1EF3-8F26-42D67F3871DD">
<createdBy>derek</createdBy>
<createdTime>2024-04-28 20:11:20 UTC</createdTime>
<ownerDesignName>Proyecto 2DB</ownerDesignName>
<engineerTo>
<item key="E7E453A3-DEB2-4D4B-E4A4-3C027F6257BD" value="true"/>
</engineerTo>
<useDomainConstraints>false</useDomainConstraints>
<use>1</use>
<logicalDatatype>LOGDT011</logicalDatatype>
<ownDataTypeParameters>,,</ownDataTypeParameters>
</Attribute>
<Attribute name="fecha de programacion" id="2A95BB7D-6133-AA13-B02F-6672D9C1A209">
<createdBy>derek</createdBy>
<createdTime>2024-04-28 20:11:52 UTC</createdTime>
<ownerDesignName>Proyecto 2DB</ownerDesignName>
<engineerTo>
<item key="E7E453A3-DEB2-4D4B-E4A4-3C027F6257BD" value="true"/>
</engineerTo>
<useDomainConstraints>false</useDomainConstraints>
<use>1</use>
<logicalDatatype>LOGDT007</logicalDatatype>
<ownDataTypeParameters>,,</ownDataTypeParameters>
</Attribute>
<Attribute name="hora de programacion" id="5B5508C9-BA16-C4BD-D246-F53174C8827A">
<createdBy>derek</createdBy>
<createdTime>2024-04-28 20:12:25 UTC</createdTime>
<ownerDesignName>Proyecto 2DB</ownerDesignName>
<engineerTo>
<item key="E7E453A3-DEB2-4D4B-E4A4-3C027F6257BD" value="true"/>
</engineerTo>
<useDomainConstraints>false</useDomainConstraints>
<use>1</use>
<logicalDatatype>LOGDT008</logicalDatatype>
<ownDataTypeParameters>,,</ownDataTypeParameters>
</Attribute>
<Attribute name="fecha realizacion" id="D92F52DA-F830-D2F2-1B7B-6A27337F5F11">
<createdBy>derek</createdBy>
<createdTime>2024-04-28 20:13:05 UTC</createdTime>
<ownerDesignName>Proyecto 2DB</ownerDesignName>
<engineerTo>
<item key="E7E453A3-DEB2-4D4B-E4A4-3C027F6257BD" value="true"/>
</engineerTo>
<nullsAllowed>true</nullsAllowed>
<useDomainConstraints>false</useDomainConstraints>
<use>1</use>
<logicalDatatype>LOGDT007</logicalDatatype>
<ownDataTypeParameters>,,</ownDataTypeParameters>
</Attribute>
<Attribute name="hora realizacion" id="322C8DB9-0FF7-97AD-EC42-435EC9D4EA6B">
<createdBy>derek</createdBy>
<createdTime>2024-04-28 20:13:24 UTC</createdTime>
<ownerDesignName>Proyecto 2DB</ownerDesignName>
<engineerTo>
<item key="E7E453A3-DEB2-4D4B-E4A4-3C027F6257BD" value="true"/>
</engineerTo>
<nullsAllowed>true</nullsAllowed>
<useDomainConstraints>false</useDomainConstraints>
<use>1</use>
<logicalDatatype>LOGDT008</logicalDatatype>
<ownDataTypeParameters>,,</ownDataTypeParameters>
</Attribute>
<Attribute name="motivo" id="F17937DA-08ED-4858-FE85-EF9422CFD2A1">
<createdBy>derek</createdBy>
<createdTime>2024-04-28 20:14:22 UTC</createdTime>
<ownerDesignName>Proyecto 2DB</ownerDesignName>
<engineerTo>
<item key="E7E453A3-DEB2-4D4B-E4A4-3C027F6257BD" value="true"/>
</engineerTo>
<useDomainConstraints>false</useDomainConstraints>
<use>1</use>
<logicalDatatype>LOGDT024</logicalDatatype>
<dataTypeSize>20 CHAR</dataTypeSize>
<ownDataTypeParameters>20 CHAR,,</ownDataTypeParameters>
</Attribute>
<Attribute name="Miembro Personal Cedula" id="18785504-AA18-68B1-00B9-75A294DD8A22">
<createdBy>derek</createdBy>
<createdTime>2024-04-28 20:18:24 UTC</createdTime>
<generatorID>D0363FE2-8AC0-47B9-103C-A877B7ECABE1</generatorID>
<ownerDesignName>Proyecto 2DB</ownerDesignName>
<engineerTo>
<item key="E7E453A3-DEB2-4D4B-E4A4-3C027F6257BD" value="true"/>
</engineerTo>
<referedAttribute>9FD8559A-3110-7B05-05A9-FC62858631BD</referedAttribute>
<useDomainConstraints>false</useDomainConstraints>
<use>1</use>
<logicalDatatype>LOGDT024</logicalDatatype>
<dataTypeSize>10 CHAR</dataTypeSize>
<ownDataTypeParameters>,,</ownDataTypeParameters>
</Attribute>
<Attribute name="Paciente cedula" id="01D817A3-2A41-A1D6-8388-157CB1E766BC">
<createdBy>derek</createdBy>
<createdTime>2024-04-28 20:24:21 UTC</createdTime>
<generatorID>4A11C3F9-51E0-D0AB-1452-CD0BDFF4BDB8</generatorID>
<ownerDesignName>Proyecto 2DB</ownerDesignName>
<engineerTo>
<item key="E7E453A3-DEB2-4D4B-E4A4-3C027F6257BD" value="true"/>
</engineerTo>
<referedAttribute>27624277-E962-AA3B-5FC9-19871C52F485</referedAttribute>
<useDomainConstraints>false</useDomainConstraints>
<use>1</use>
<logicalDatatype>LOGDT024</logicalDatatype>
<dataTypeSize>10 CHAR</dataTypeSize>
<ownDataTypeParameters>,,</ownDataTypeParameters>
</Attribute>
</attributes>
<identifiers itemClass="oracle.dbtools.crest.model.design.logical.CandidateKey">
<identifier id="C875FA28-CE42-098F-4CE5-AC74F535A15D" name="Cita PK">
<createdBy>derek</createdBy>
<createdTime>2024-04-28 20:11:50 UTC</createdTime>
<ownerDesignName>Proyecto 2DB</ownerDesignName>
<shouldEngineer>false</shouldEngineer>
<engineerTo>
<item key="E7E453A3-DEB2-4D4B-E4A4-3C027F6257BD" value="false"/>
</engineerTo>
<pk>true</pk>
<usedAttributes>
<attributeRef>43448824-040A-1EF3-8F26-42D67F3871DD</attributeRef>
</usedAttributes>
</identifier>
</identifiers>
</Entity>