<?xml version = '1.0' encoding = 'UTF-8'?>
<Entity class="oracle.dbtools.crest.model.design.logical.Entity" directorySegmentName="seg_0" id="B3ADEA3A-8948-E302-910F-3E70E5D9942D" name="Poliza">
<createdBy>derek</createdBy>
<createdTime>2024-04-28 20:56:05 UTC</createdTime>
<ownerDesignName>Proyecto</ownerDesignName>
<engineerTo>
<item key="E7E453A3-DEB2-4D4B-E4A4-3C027F6257BD" value="true"/>
</engineerTo>
<adequatelyNormalized>NO</adequatelyNormalized>
<expectedVolumes>0</expectedVolumes>
<fwdEngineeringStrategyName>Single Table</fwdEngineeringStrategyName>
<growthPercent>0</growthPercent>
<growthType>Year</growthType>
<maxVolumes>9999999</maxVolumes>
<minVolumes>0</minVolumes>
<normalForm>Third</normalForm>
<attributes itemClass="oracle.dbtools.crest.model.design.logical.Attribute">
<Attribute name="numero" id="C4736A49-5678-E31A-06E0-D1310249069E">
<createdBy>derek</createdBy>
<createdTime>2024-04-28 20:56:19 UTC</createdTime>
<ownerDesignName>Proyecto</ownerDesignName>
<engineerTo>
<item key="E7E453A3-DEB2-4D4B-E4A4-3C027F6257BD" value="true"/>
</engineerTo>
<useDomainConstraints>false</useDomainConstraints>
<use>1</use>
<logicalDatatype>LOGDT024</logicalDatatype>
<dataTypeSize>6 CHAR</dataTypeSize>
<ownDataTypeParameters>6 CHAR,,</ownDataTypeParameters>
</Attribute>
<Attribute name="mensualidad" id="77D92394-0FC7-5B4B-BDA1-66D0757AE499">
<createdBy>derek</createdBy>
<createdTime>2024-04-28 20:56:23 UTC</createdTime>
<ownerDesignName>Proyecto</ownerDesignName>
<engineerTo>
<item key="E7E453A3-DEB2-4D4B-E4A4-3C027F6257BD" value="true"/>
</engineerTo>
<useDomainConstraints>false</useDomainConstraints>
<use>1</use>
<logicalDatatype>LOGDT021</logicalDatatype>
<dataTypePrecision>6</dataTypePrecision>
<dataTypeScale>2</dataTypeScale>
<ownDataTypeParameters>,6,2</ownDataTypeParameters>
</Attribute>
<Attribute name="Reclamo codigo" id="3A41A120-B8DF-1B3A-C0C7-4B19A5F6271E">
<createdBy>derek</createdBy>
<createdTime>2024-04-28 20:58:57 UTC</createdTime>
<generatorID>8CB217BF-4A96-0D3B-6CC6-4595366B99EA</generatorID>
<ownerDesignName>Proyecto</ownerDesignName>
<engineerTo>
<item key="E7E453A3-DEB2-4D4B-E4A4-3C027F6257BD" value="true"/>
</engineerTo>
<referedAttribute>4D0ABEF0-6A53-2C68-ACAB-089C51E9A112</referedAttribute>
<useDomainConstraints>false</useDomainConstraints>
<use>1</use>
<logicalDatatype>LOGDT024</logicalDatatype>
<dataTypeSize>5 CHAR</dataTypeSize>
<ownDataTypeParameters>5 CHAR,,</ownDataTypeParameters>
</Attribute>
<Attribute name="Cobertura ID" id="9C92AC44-E3CE-482C-05F8-40645823E1EF">
<createdBy>derek</createdBy>
<createdTime>2024-04-28 21:06:33 UTC</createdTime>
<generatorID>F89BEDCB-48B4-7540-DBC9-FCB7ECA9BEDB</generatorID>
<ownerDesignName>Proyecto</ownerDesignName>
<engineerTo>
<item key="E7E453A3-DEB2-4D4B-E4A4-3C027F6257BD" value="true"/>
</engineerTo>
<referedAttribute>7BBD4F73-1660-7981-3087-F9432096C610</referedAttribute>
<useDomainConstraints>false</useDomainConstraints>
<use>1</use>
<logicalDatatype>LOGDT024</logicalDatatype>
<dataTypeSize>2 CHAR</dataTypeSize>
<ownDataTypeParameters>2 CHAR,,</ownDataTypeParameters>
</Attribute>
<Attribute name="NIT" id="5780879F-9F49-3D80-349F-FF254920AFD6">
<createdBy>derek</createdBy>
<createdTime>2024-04-28 22:26:48 UTC</createdTime>
<generatorID>E28312D1-BBF0-3794-743C-B33B48B9AE50</generatorID>
<ownerDesignName>Proyecto</ownerDesignName>
<engineerTo>
<item key="E7E453A3-DEB2-4D4B-E4A4-3C027F6257BD" value="true"/>
</engineerTo>
<referedAttribute>E08C5FFD-7E6B-6E60-08EA-930C34FDCB9F</referedAttribute>
<useDomainConstraints>false</useDomainConstraints>
<use>1</use>
<logicalDatatype>LOGDT024</logicalDatatype>
<dataTypeSize>9 CHAR</dataTypeSize>
<ownDataTypeParameters>9 CHAR,,</ownDataTypeParameters>
</Attribute>
</attributes>
<identifiers itemClass="oracle.dbtools.crest.model.design.logical.CandidateKey">
<identifier id="322705AF-39AF-1D7A-AF45-0CCFBE5316DF" name="Poliza PK">
<createdBy>derek</createdBy>
<createdTime>2024-04-28 20:57:05 UTC</createdTime>
<ownerDesignName>Proyecto</ownerDesignName>
<shouldEngineer>false</shouldEngineer>
<engineerTo>
<item key="E7E453A3-DEB2-4D4B-E4A4-3C027F6257BD" value="false"/>
</engineerTo>
<pk>true</pk>
<usedAttributes>
<attributeRef>C4736A49-5678-E31A-06E0-D1310249069E</attributeRef>
</usedAttributes>
</identifier>
</identifiers>
</Entity>