<?xml version = '1.0' encoding = 'UTF-8'?>
<Entity class="oracle.dbtools.crest.model.design.logical.Entity" directorySegmentName="seg_0" id="D0E6A5DA-8AC2-9A66-106D-39F1FB058547" name="Reclamo">
<createdBy>derek</createdBy>
<createdTime>2024-04-28 20:29:17 UTC</createdTime>
<ownerDesignName>Proyecto 2DB</ownerDesignName>
<engineerTo>
<item key="E7E453A3-DEB2-4D4B-E4A4-3C027F6257BD" value="true"/>
</engineerTo>
<adequatelyNormalized>NO</adequatelyNormalized>
<expectedVolumes>0</expectedVolumes>
<fwdEngineeringStrategyName>Single Table</fwdEngineeringStrategyName>
<growthPercent>0</growthPercent>
<growthType>Year</growthType>
<maxVolumes>9999999</maxVolumes>
<minVolumes>0</minVolumes>
<normalForm>Third</normalForm>
<attributes itemClass="oracle.dbtools.crest.model.design.logical.Attribute">
<Attribute name="codigo" id="4D0ABEF0-6A53-2C68-ACAB-089C51E9A112">
<createdBy>derek</createdBy>
<createdTime>2024-04-28 20:29:27 UTC</createdTime>
<ownerDesignName>Proyecto 2DB</ownerDesignName>
<engineerTo>
<item key="E7E453A3-DEB2-4D4B-E4A4-3C027F6257BD" value="true"/>
</engineerTo>
<useDomainConstraints>false</useDomainConstraints>
<use>1</use>
<logicalDatatype>LOGDT024</logicalDatatype>
<dataTypeSize>5 CHAR</dataTypeSize>
<ownDataTypeParameters>5 CHAR,,</ownDataTypeParameters>
</Attribute>
<Attribute name="fecha de emision" id="E94B8A68-69A9-F9A8-1C30-E0D7E837B391">
<createdBy>derek</createdBy>
<createdTime>2024-04-28 20:30:11 UTC</createdTime>
<ownerDesignName>Proyecto 2DB</ownerDesignName>
<engineerTo>
<item key="E7E453A3-DEB2-4D4B-E4A4-3C027F6257BD" value="true"/>
</engineerTo>
<nullsAllowed>true</nullsAllowed>
<useDomainConstraints>false</useDomainConstraints>
<use>1</use>
<logicalDatatype>LOGDT007</logicalDatatype>
<ownDataTypeParameters>,,</ownDataTypeParameters>
</Attribute>
<Attribute name="fecha de solicitud" id="D656E38F-A668-C1B5-11CC-4E1E92CE5757">
<createdBy>derek</createdBy>
<createdTime>2024-04-28 20:30:52 UTC</createdTime>
<ownerDesignName>Proyecto 2DB</ownerDesignName>
<engineerTo>
<item key="E7E453A3-DEB2-4D4B-E4A4-3C027F6257BD" value="true"/>
</engineerTo>
<useDomainConstraints>false</useDomainConstraints>
<use>1</use>
<logicalDatatype>LOGDT007</logicalDatatype>
<ownDataTypeParameters>,,</ownDataTypeParameters>
</Attribute>
<Attribute name="estado" id="133E05FA-747F-18A1-8A75-C954ADEACF8A">
<createdBy>derek</createdBy>
<createdTime>2024-04-28 20:31:15 UTC</createdTime>
<ownerDesignName>Proyecto 2DB</ownerDesignName>
<engineerTo>
<item key="E7E453A3-DEB2-4D4B-E4A4-3C027F6257BD" value="true"/>
</engineerTo>
<useDomainConstraints>false</useDomainConstraints>
<use>1</use>
<logicalDatatype>LOGDT024</logicalDatatype>
<dataTypeSize>10 CHAR</dataTypeSize>
<ownDataTypeParameters>10 CHAR,,</ownDataTypeParameters>
</Attribute>
<Attribute name="monto reclamado" id="D7227054-F11B-D3E3-5232-025E82BEAA50">
<createdBy>derek</createdBy>
<createdTime>2024-04-28 20:31:49 UTC</createdTime>
<ownerDesignName>Proyecto 2DB</ownerDesignName>
<engineerTo>
<item key="E7E453A3-DEB2-4D4B-E4A4-3C027F6257BD" value="true"/>
</engineerTo>
<useDomainConstraints>false</useDomainConstraints>
<use>1</use>
<logicalDatatype>LOGDT021</logicalDatatype>
<dataTypePrecision>10</dataTypePrecision>
<dataTypeScale>2</dataTypeScale>
<ownDataTypeParameters>,10,2</ownDataTypeParameters>
</Attribute>
<Attribute name="monto debitado" id="C06B673E-D978-0C2C-2114-8E8647B4D39B">
<createdBy>derek</createdBy>
<createdTime>2024-04-28 20:34:33 UTC</createdTime>
<ownerDesignName>Proyecto 2DB</ownerDesignName>
<engineerTo>
<item key="E7E453A3-DEB2-4D4B-E4A4-3C027F6257BD" value="true"/>
</engineerTo>
<useDomainConstraints>false</useDomainConstraints>
<use>1</use>
<logicalDatatype>LOGDT021</logicalDatatype>
<dataTypePrecision>10</dataTypePrecision>
<dataTypeScale>2</dataTypeScale>
<ownDataTypeParameters>,10,2</ownDataTypeParameters>
</Attribute>
<Attribute name="codigo razon pago parcial" id="45A07B22-3730-AAF1-9BC7-EA9F22632298">
<createdBy>derek</createdBy>
<createdTime>2024-04-28 20:35:06 UTC</createdTime>
<ownerDesignName>Proyecto 2DB</ownerDesignName>
<engineerTo>
<item key="E7E453A3-DEB2-4D4B-E4A4-3C027F6257BD" value="true"/>
</engineerTo>
<nullsAllowed>true</nullsAllowed>
<useDomainConstraints>false</useDomainConstraints>
<use>1</use>
<logicalDatatype>LOGDT024</logicalDatatype>
<dataTypeSize>3 CHAR</dataTypeSize>
<ownDataTypeParameters>3 CHAR,,</ownDataTypeParameters>
</Attribute>
<Attribute name="fecha pago parcial" id="65D1E831-FF74-1C33-3C81-08B687AE3A93">
<createdBy>derek</createdBy>
<createdTime>2024-04-28 20:38:37 UTC</createdTime>
<ownerDesignName>Proyecto 2DB</ownerDesignName>
<engineerTo>
<item key="E7E453A3-DEB2-4D4B-E4A4-3C027F6257BD" value="true"/>
</engineerTo>
<constraintName>chk pago parcial</constraintName>
<nullsAllowed>true</nullsAllowed>
<useDomainConstraints>false</useDomainConstraints>
<use>1</use>
<logicalDatatype>LOGDT007</logicalDatatype>
<checkConstraint>
<implementationDef dbType="Generic Constraint" definition="(codigo_razon_no_pago IS NULL AND fecha_pago_parcial IS NOT NULL) OR (codigo_razon_no_pago IS NOT NULL AND fecha_pago_parcial IS NUL)"/>
</checkConstraint>
<ownDataTypeParameters>,,</ownDataTypeParameters>
</Attribute>
<Attribute name="Cita ID" id="48D98B9D-0882-173F-8A59-6A25DFF67C8B">
<createdBy>derek</createdBy>
<createdTime>2024-04-28 20:47:18 UTC</createdTime>
<generatorID>51FF766B-FF3B-BF10-55E6-6E2E2A028E57</generatorID>
<ownerDesignName>Proyecto 2DB</ownerDesignName>
<engineerTo>
<item key="E7E453A3-DEB2-4D4B-E4A4-3C027F6257BD" value="true"/>
</engineerTo>
<referedAttribute>43448824-040A-1EF3-8F26-42D67F3871DD</referedAttribute>
<useDomainConstraints>false</useDomainConstraints>
<use>1</use>
<logicalDatatype>LOGDT011</logicalDatatype>
<ownDataTypeParameters>,,</ownDataTypeParameters>
</Attribute>
<Attribute name="Poliza numero" id="5BFBB4CC-98A1-7FB1-0869-AA330449D5CD">
<createdBy>derek</createdBy>
<createdTime>2024-04-28 20:59:03 UTC</createdTime>
<generatorID>8CB217BF-4A96-0D3B-6CC6-4595366B99EA</generatorID>
<ownerDesignName>Proyecto 2DB</ownerDesignName>
<engineerTo>
<item key="E7E453A3-DEB2-4D4B-E4A4-3C027F6257BD" value="true"/>
</engineerTo>
<referedAttribute>C4736A49-5678-E31A-06E0-D1310249069E</referedAttribute>
<useDomainConstraints>false</useDomainConstraints>
<use>1</use>
<logicalDatatype>LOGDT024</logicalDatatype>
<dataTypeSize>6 CHAR</dataTypeSize>
<ownDataTypeParameters>,,</ownDataTypeParameters>
</Attribute>
</attributes>
<identifiers itemClass="oracle.dbtools.crest.model.design.logical.CandidateKey">
<identifier id="69510DBB-785E-0182-6DCE-C633594AA25B" name="Reclamo PK">
<createdBy>derek</createdBy>
<createdTime>2024-04-28 20:30:09 UTC</createdTime>
<ownerDesignName>Proyecto 2DB</ownerDesignName>
<shouldEngineer>false</shouldEngineer>
<engineerTo>
<item key="E7E453A3-DEB2-4D4B-E4A4-3C027F6257BD" value="false"/>
</engineerTo>
<pk>true</pk>
<usedAttributes>
<attributeRef>4D0ABEF0-6A53-2C68-ACAB-089C51E9A112</attributeRef>
</usedAttributes>
</identifier>
</identifiers>
</Entity>