<?xml version = '1.0' encoding = 'UTF-8'?>
<Table class="oracle.dbtools.crest.model.design.relational.Table" directorySegmentName="seg_0" id="40429648-1AFB-7E17-8FB5-71E36A4CF403" name="representante">
<createdBy>derek</createdBy>
<createdTime>2024-04-28 21:10:40 UTC</createdTime>
<generatorID>D10AF15B-CA75-17F4-3BE8-9049112091B0</generatorID>
<ownerDesignName>Proyecto 2DB</ownerDesignName>
<allowColumnReorder>false</allowColumnReorder>
<existDependencyGenerateInDDl>true</existDependencyGenerateInDDl>
<parsed>true</parsed>
<columns itemClass="oracle.dbtools.crest.model.design.relational.Column">
<Column name="cedula" id="0A999973-E51C-F00E-E6C1-9DDAD638DF6B">
<createdBy>derek</createdBy>
<createdTime>2024-04-28 21:10:40 UTC</createdTime>
<generatorID>B75FC57D-EAC7-2CB9-73A6-42EFC8DE3D5A</generatorID>
<ownerDesignName>Proyecto 2DB</ownerDesignName>
<useDomainConstraints>false</useDomainConstraints>
<use>1</use>
<logicalDatatype>LOGDT024</logicalDatatype>
<dataTypeSize>10 CHAR</dataTypeSize>
<ownDataTypeParameters>10 CHAR,,</ownDataTypeParameters>
<autoIncrementCycle>false</autoIncrementCycle>
</Column>
<Column name="nombre" id="BA2424F5-1323-A10B-F580-B930E43257BB">
<createdBy>derek</createdBy>
<createdTime>2024-04-28 21:10:40 UTC</createdTime>
<generatorID>975C4C53-D15F-0DF5-E165-5B751C446CDA</generatorID>
<ownerDesignName>Proyecto 2DB</ownerDesignName>
<useDomainConstraints>false</useDomainConstraints>
<use>1</use>
<logicalDatatype>LOGDT024</logicalDatatype>
<dataTypeSize>50 CHAR</dataTypeSize>
<ownDataTypeParameters>50 CHAR,,</ownDataTypeParameters>
<autoIncrementCycle>false</autoIncrementCycle>
</Column>
<Column name="Telefono" id="4D8E1592-E133-7A77-D5C4-540F45168541">
<createdBy>derek</createdBy>
<createdTime>2024-04-28 21:10:40 UTC</createdTime>
<generatorID>0C0ABA8C-F56E-BD02-2F90-F4F22F22FEFD</generatorID>
<ownerDesignName>Proyecto 2DB</ownerDesignName>
<useDomainConstraints>false</useDomainConstraints>
<use>1</use>
<logicalDatatype>LOGDT024</logicalDatatype>
<dataTypeSize>10 CHAR</dataTypeSize>
<ownDataTypeParameters>10 CHAR,,</ownDataTypeParameters>
<autoIncrementCycle>false</autoIncrementCycle>
</Column>
<Column name="direccion" id="A19CE5E3-11BF-0807-AED7-E48EC64B0118">
<createdBy>derek</createdBy>
<createdTime>2024-04-28 21:10:40 UTC</createdTime>
<generatorID>95590CA1-31F8-49E2-187C-517C71C234E5</generatorID>
<ownerDesignName>Proyecto 2DB</ownerDesignName>
<nullsAllowed>true</nullsAllowed>
<useDomainConstraints>false</useDomainConstraints>
<use>1</use>
<logicalDatatype>LOGDT024</logicalDatatype>
<dataTypeSize>50 CHAR</dataTypeSize>
<ownDataTypeParameters>50 CHAR,,</ownDataTypeParameters>
<autoIncrementCycle>false</autoIncrementCycle>
</Column>
</columns>
<indexes itemClass="oracle.dbtools.crest.model.design.relational.Index">
<ind_PK_UK id="887D2A17-B280-894C-9012-7E013E1F6D5E" name="representante_PK">
<createdBy>derek</createdBy>
<createdTime>2024-04-28 21:10:40 UTC</createdTime>
<generatorID>8570CF7C-2EAB-670F-27FA-3AD69DB57FBB</generatorID>
<ownerDesignName>Proyecto 2DB</ownerDesignName>
<pk>true</pk>
<indexState>Primary Constraint</indexState>
<isSurrogateKey>false</isSurrogateKey>
<indexColumnUsage>
<colUsage columnID="0A999973-E51C-F00E-E6C1-9DDAD638DF6B"/>
</indexColumnUsage>
</ind_PK_UK>
</indexes>
</Table>