<?xml version = '1.0' encoding = 'UTF-8'?>
<Table class="oracle.dbtools.crest.model.design.relational.Table" directorySegmentName="seg_0" id="6998C426-790F-0C75-87D3-97C24646276C" name="Poliza">
<createdBy>derek</createdBy>
<createdTime>2024-04-28 21:10:40 UTC</createdTime>
<generatorID>B3ADEA3A-8948-E302-910F-3E70E5D9942D</generatorID>
<ownerDesignName>Proyecto</ownerDesignName>
<allowColumnReorder>false</allowColumnReorder>
<existDependencyGenerateInDDl>true</existDependencyGenerateInDDl>
<parsed>true</parsed>
<columns itemClass="oracle.dbtools.crest.model.design.relational.Column">
<Column name="numero" id="DA1CB14F-7C01-B920-3CDE-042238DD8B3F">
<createdBy>derek</createdBy>
<createdTime>2024-04-28 21:10:40 UTC</createdTime>
<generatorID>C4736A49-5678-E31A-06E0-D1310249069E</generatorID>
<ownerDesignName>Proyecto</ownerDesignName>
<useDomainConstraints>false</useDomainConstraints>
<use>1</use>
<logicalDatatype>LOGDT024</logicalDatatype>
<dataTypeSize>6 CHAR</dataTypeSize>
<ownDataTypeParameters>6 CHAR,,</ownDataTypeParameters>
<autoIncrementCycle>false</autoIncrementCycle>
</Column>
<Column name="mensualidad" id="23A16FB0-7A3E-835A-4A26-C82857DDABF0">
<createdBy>derek</createdBy>
<createdTime>2024-04-28 21:10:40 UTC</createdTime>
<generatorID>77D92394-0FC7-5B4B-BDA1-66D0757AE499</generatorID>
<ownerDesignName>Proyecto</ownerDesignName>
<useDomainConstraints>false</useDomainConstraints>
<use>1</use>
<logicalDatatype>LOGDT021</logicalDatatype>
<dataTypePrecision>6</dataTypePrecision>
<dataTypeScale>2</dataTypeScale>
<ownDataTypeParameters>,6,2</ownDataTypeParameters>
<autoIncrementCycle>false</autoIncrementCycle>
</Column>
<Column name="Reclamo_codigo" id="034BB4F0-48A4-D8B7-9994-842833572407">
<createdBy>derek</createdBy>
<createdTime>2024-04-28 21:10:40 UTC</createdTime>
<generatorID>3A41A120-B8DF-1B3A-C0C7-4B19A5F6271E</generatorID>
<ownerDesignName>Proyecto</ownerDesignName>
<useDomainConstraints>false</useDomainConstraints>
<use>1</use>
<logicalDatatype>LOGDT024</logicalDatatype>
<dataTypeSize>5 CHAR</dataTypeSize>
<ownDataTypeParameters>,,</ownDataTypeParameters>
<previousColumn>false</previousColumn>
<autoIncrementCycle>false</autoIncrementCycle>
<associations>
<colAssociation fkAssociation="BBCF03D4-6628-1B3F-C87C-CDE7DC44752F" referredColumn="A91C71EE-553F-E0EF-38D7-AFAF07581B66"/>
</associations>
</Column>
<Column name="Cobertura_ID" id="A01F8D26-5E91-5E6C-BC45-D2874E1B8E72">
<createdBy>derek</createdBy>
<createdTime>2024-04-28 21:10:40 UTC</createdTime>
<generatorID>9C92AC44-E3CE-482C-05F8-40645823E1EF</generatorID>
<ownerDesignName>Proyecto</ownerDesignName>
<useDomainConstraints>false</useDomainConstraints>
<use>1</use>
<logicalDatatype>LOGDT024</logicalDatatype>
<dataTypeSize>2 CHAR</dataTypeSize>
<ownDataTypeParameters>,,</ownDataTypeParameters>
<previousColumn>false</previousColumn>
<autoIncrementCycle>false</autoIncrementCycle>
<associations>
<colAssociation fkAssociation="8B6E8B7D-F3E7-D38A-D60C-3ECB8492BB71" referredColumn="496043CA-CF4C-CCB2-FAF8-AAC96EE63F58"/>
</associations>
</Column>
<Column name="Aseguradora_NIT2" id="9CB14484-3A44-59C2-AC3A-0F8B0DA9E115">
<createdBy>derek</createdBy>
<createdTime>2024-04-29 00:08:49 UTC</createdTime>
<generatorID>5780879F-9F49-3D80-349F-FF254920AFD6</generatorID>
<ownerDesignName>Proyecto</ownerDesignName>
<useDomainConstraints>false</useDomainConstraints>
<use>1</use>
<logicalDatatype>LOGDT024</logicalDatatype>
<dataTypeSize>9 CHAR</dataTypeSize>
<ownDataTypeParameters>,,</ownDataTypeParameters>
<previousColumn>false</previousColumn>
<autoIncrementCycle>false</autoIncrementCycle>
<associations>
<colAssociation fkAssociation="D01C2415-D51A-1D37-AEA0-965FE0FD20DF" referredColumn="C8D654E0-E7E2-14BA-DA75-9209B2C9BA54"/>
</associations>
</Column>
</columns>
<indexes itemClass="oracle.dbtools.crest.model.design.relational.Index">
<ind_PK_UK id="DF59EF98-591A-CC74-7D9E-A2235F4486BA" name="Poliza_PK">
<createdBy>derek</createdBy>
<createdTime>2024-04-28 21:10:40 UTC</createdTime>
<generatorID>322705AF-39AF-1D7A-AF45-0CCFBE5316DF</generatorID>
<ownerDesignName>Proyecto</ownerDesignName>
<pk>true</pk>
<indexState>Primary Constraint</indexState>
<isSurrogateKey>false</isSurrogateKey>
<indexColumnUsage>
<colUsage columnID="DA1CB14F-7C01-B920-3CDE-042238DD8B3F"/>
</indexColumnUsage>
</ind_PK_UK>
<ind_PK_UK id="68B6523D-6F84-9425-BBF9-9E6776BF6E47" name="Poliza__IDXv1">
<createdBy>derek</createdBy>
<createdTime>2024-04-28 21:10:41 UTC</createdTime>
<ownerDesignName>Proyecto</ownerDesignName>
<indexState>Unique Plain Index</indexState>
<isSurrogateKey>false</isSurrogateKey>
<relationGeneratorID>8CB217BF-4A96-0D3B-6CC6-4595366B99EA</relationGeneratorID>
<indexColumnUsage>
<colUsage columnID="034BB4F0-48A4-D8B7-9994-842833572407"/>
</indexColumnUsage>
</ind_PK_UK>
<ind_PK_UK id="0F8FAFDB-5702-75C4-6AB7-FC69F3A534D0" name="Poliza__IDXv2">
<createdBy>derek</createdBy>
<createdTime>2024-04-28 21:10:41 UTC</createdTime>
<ownerDesignName>Proyecto</ownerDesignName>
<indexState>Unique Plain Index</indexState>
<isSurrogateKey>false</isSurrogateKey>
<relationGeneratorID>F89BEDCB-48B4-7540-DBC9-FCB7ECA9BEDB</relationGeneratorID>
<indexColumnUsage>
<colUsage columnID="A01F8D26-5E91-5E6C-BC45-D2874E1B8E72"/>
</indexColumnUsage>
</ind_PK_UK>
<ind_PK_UK id="A600076C-656D-2C8E-0528-A12CA2AC22C9" name="Poliza__IDX">
<createdBy>derek</createdBy>
<createdTime>2024-04-28 22:26:54 UTC</createdTime>
<ownerDesignName>Proyecto</ownerDesignName>
<indexState>Unique Plain Index</indexState>
<isSurrogateKey>false</isSurrogateKey>
<relationGeneratorID>E28312D1-BBF0-3794-743C-B33B48B9AE50</relationGeneratorID>
</ind_PK_UK>
<ind_PK_UK id="1E8D4E67-CFA6-7CDC-D9FD-136A2392593F" name="Poliza_Aseguradora_FK">
<createdBy>derek</createdBy>
<createdTime>2024-04-28 22:26:54 UTC</createdTime>
<generatorID>E28312D1-BBF0-3794-743C-B33B48B9AE50</generatorID>
<ownerDesignName>Proyecto</ownerDesignName>
<indexState>Foreign Key</indexState>
<isSurrogateKey>false</isSurrogateKey>
</ind_PK_UK>
<ind_PK_UK id="EA9243BF-1C92-9D2C-5E76-8A493C26372F" name="Poliza_Reclamo_FK">
<createdBy>derek</createdBy>
<createdTime>2024-04-28 22:27:13 UTC</createdTime>
<generatorID>8CB217BF-4A96-0D3B-6CC6-4595366B99EA</generatorID>
<ownerDesignName>Proyecto</ownerDesignName>
<indexState>Foreign Key</indexState>
<isSurrogateKey>false</isSurrogateKey>
<indexColumnUsage>
<colUsage columnID="034BB4F0-48A4-D8B7-9994-842833572407"/>
</indexColumnUsage>
</ind_PK_UK>
<ind_PK_UK id="00249722-2D45-FC58-17A6-B272CE47E977" name="Poliza__IDXv5">
<createdBy>derek</createdBy>
<createdTime>2024-04-29 00:08:49 UTC</createdTime>
<ownerDesignName>Proyecto</ownerDesignName>
<indexState>Unique Plain Index</indexState>
<isSurrogateKey>false</isSurrogateKey>
<relationGeneratorID>E28312D1-BBF0-3794-743C-B33B48B9AE50</relationGeneratorID>
<indexColumnUsage>
<colUsage columnID="9CB14484-3A44-59C2-AC3A-0F8B0DA9E115"/>
</indexColumnUsage>
</ind_PK_UK>
<ind_PK_UK id="F46C3D29-7F4F-7D5F-5315-5DB599888148" name="Poliza_Cobertura_FK">
<createdBy>derek</createdBy>
<createdTime>2024-04-28 21:25:59 UTC</createdTime>
<generatorID>F89BEDCB-48B4-7540-DBC9-FCB7ECA9BEDB</generatorID>
<ownerDesignName>Proyecto</ownerDesignName>
<indexState>Foreign Key</indexState>
<isSurrogateKey>false</isSurrogateKey>
<indexColumnUsage>
<colUsage columnID="A01F8D26-5E91-5E6C-BC45-D2874E1B8E72"/>
</indexColumnUsage>
</ind_PK_UK>
<ind_PK_UK id="585844B7-8E26-8DBB-EA2E-9E5EC30A23CD" name="Poliza_Aseguradora_FK">
<createdBy>derek</createdBy>
<createdTime>2024-04-29 00:08:49 UTC</createdTime>
<generatorID>E28312D1-BBF0-3794-743C-B33B48B9AE50</generatorID>
<ownerDesignName>Proyecto</ownerDesignName>
<indexState>Foreign Key</indexState>
<isSurrogateKey>false</isSurrogateKey>
<indexColumnUsage>
<colUsage columnID="9CB14484-3A44-59C2-AC3A-0F8B0DA9E115"/>
</indexColumnUsage>
</ind_PK_UK>
<ind_PK_UK id="9DAAD251-7D36-E128-DE4D-C2CC794C16E5" name="Poliza_Reclamo_FK">
<createdBy>derek</createdBy>
<createdTime>2024-04-29 00:10:14 UTC</createdTime>
<generatorID>8CB217BF-4A96-0D3B-6CC6-4595366B99EA</generatorID>
<ownerDesignName>Proyecto</ownerDesignName>
<indexState>Foreign Key</indexState>
<isSurrogateKey>false</isSurrogateKey>
<indexColumnUsage>
<colUsage columnID="034BB4F0-48A4-D8B7-9994-842833572407"/>
</indexColumnUsage>
</ind_PK_UK>
</indexes>
</Table>