<?xml version = '1.0' encoding = 'UTF-8'?>
<Table class="oracle.dbtools.crest.model.design.relational.Table" directorySegmentName="seg_0" id="D9733707-4FC5-21D8-C89F-C3AA32FFC3AE" name="Cobertura">
<createdBy>derek</createdBy>
<createdTime>2024-04-28 21:10:40 UTC</createdTime>
<generatorID>9E38FB56-9B35-C6D5-3F3B-1F8BD4FAD3BC</generatorID>
<ownerDesignName>Proyecto 2DB</ownerDesignName>
<allowColumnReorder>false</allowColumnReorder>
<existDependencyGenerateInDDl>true</existDependencyGenerateInDDl>
<parsed>true</parsed>
<columns itemClass="oracle.dbtools.crest.model.design.relational.Column">
<Column name="ID" id="496043CA-CF4C-CCB2-FAF8-AAC96EE63F58">
<createdBy>derek</createdBy>
<createdTime>2024-04-28 21:10:40 UTC</createdTime>
<generatorID>7BBD4F73-1660-7981-3087-F9432096C610</generatorID>
<ownerDesignName>Proyecto 2DB</ownerDesignName>
<useDomainConstraints>false</useDomainConstraints>
<use>1</use>
<logicalDatatype>LOGDT024</logicalDatatype>
<dataTypeSize>2 CHAR</dataTypeSize>
<ownDataTypeParameters>2 CHAR,,</ownDataTypeParameters>
<autoIncrementCycle>false</autoIncrementCycle>
</Column>
<Column name="tipo" id="BF15F969-2111-5F12-0A12-5BAA6EEDF64B">
<createdBy>derek</createdBy>
<createdTime>2024-04-28 21:10:40 UTC</createdTime>
<generatorID>5B5BAA24-1A3C-793C-EA41-6E66DDA1DFD2</generatorID>
<ownerDesignName>Proyecto 2DB</ownerDesignName>
<useDomainConstraints>false</useDomainConstraints>
<use>1</use>
<logicalDatatype>LOGDT024</logicalDatatype>
<dataTypeSize>20 CHAR</dataTypeSize>
<ownDataTypeParameters>20 CHAR,,</ownDataTypeParameters>
<autoIncrementCycle>false</autoIncrementCycle>
</Column>
<Column name="cobertura_maxima" id="075C2236-21BA-7A89-972F-3D61EC8FEC07">
<createdBy>derek</createdBy>
<createdTime>2024-04-28 21:10:40 UTC</createdTime>
<generatorID>304FB5E8-A648-681F-B2FF-1579627F7EB5</generatorID>
<ownerDesignName>Proyecto 2DB</ownerDesignName>
<useDomainConstraints>false</useDomainConstraints>
<use>1</use>
<logicalDatatype>LOGDT021</logicalDatatype>
<dataTypePrecision>10</dataTypePrecision>
<dataTypeScale>2</dataTypeScale>
<ownDataTypeParameters>,10,2</ownDataTypeParameters>
<autoIncrementCycle>false</autoIncrementCycle>
</Column>
</columns>
<indexes itemClass="oracle.dbtools.crest.model.design.relational.Index">
<ind_PK_UK id="CA7F9CBA-8691-C938-4F18-2B65BC0D4CFF" name="Cobertura_PK">
<createdBy>derek</createdBy>
<createdTime>2024-04-28 21:10:40 UTC</createdTime>
<generatorID>1A7B7B7E-1041-6E7D-5CF3-3A4964E411BE</generatorID>
<ownerDesignName>Proyecto 2DB</ownerDesignName>
<pk>true</pk>
<indexState>Primary Constraint</indexState>
<isSurrogateKey>false</isSurrogateKey>
<indexColumnUsage>
<colUsage columnID="496043CA-CF4C-CCB2-FAF8-AAC96EE63F58"/>
</indexColumnUsage>
</ind_PK_UK>
</indexes>
</Table>