<?xml version = '1.0' encoding = 'UTF-8'?>
<Table class="oracle.dbtools.crest.model.design.relational.Table" directorySegmentName="seg_0" id="DD42D3A2-EBBD-0731-C99E-ADF6050D7B00" name="Titulo">
<createdBy>derek</createdBy>
<createdTime>2024-04-28 21:10:40 UTC</createdTime>
<generatorID>889F4064-9A3B-3C41-2A67-C36BDE1DFC68</generatorID>
<ownerDesignName>Proyecto 2DB</ownerDesignName>
<allowColumnReorder>false</allowColumnReorder>
<existDependencyGenerateInDDl>true</existDependencyGenerateInDDl>
<parsed>true</parsed>
<columns itemClass="oracle.dbtools.crest.model.design.relational.Column">
<Column name="ID" id="B1917C0B-20C0-AB8E-4A99-B0635B36B711">
<createdBy>derek</createdBy>
<createdTime>2024-04-28 21:10:40 UTC</createdTime>
<generatorID>3E3EAA1D-1EA3-EFD1-C1CF-354645FB50A8</generatorID>
<ownerDesignName>Proyecto 2DB</ownerDesignName>
<useDomainConstraints>false</useDomainConstraints>
<use>1</use>
<logicalDatatype>LOGDT024</logicalDatatype>
<dataTypeSize>3</dataTypeSize>
<ownDataTypeParameters>3,,</ownDataTypeParameters>
<autoIncrementCycle>false</autoIncrementCycle>
</Column>
<Column name="Nombre" id="31B8F041-004C-AEBD-1A7B-BE3DC2277935">
<createdBy>derek</createdBy>
<createdTime>2024-04-28 21:10:40 UTC</createdTime>
<generatorID>CA0C9E02-B2CB-A197-C25D-9D9A2445D99C</generatorID>
<ownerDesignName>Proyecto 2DB</ownerDesignName>
<useDomainConstraints>false</useDomainConstraints>
<use>1</use>
<logicalDatatype>LOGDT024</logicalDatatype>
<dataTypeSize>100 CHAR</dataTypeSize>
<ownDataTypeParameters>100 CHAR,,</ownDataTypeParameters>
<autoIncrementCycle>false</autoIncrementCycle>
</Column>
<Column name="Miembro_Personal_Cedula" id="06847AEA-44FF-2036-7D9E-CDCD311679D5">
<createdBy>derek</createdBy>
<createdTime>2024-04-28 21:10:40 UTC</createdTime>
<generatorID>15B164BF-40F0-BF33-C4FE-6763D5CB95FB</generatorID>
<ownerDesignName>Proyecto 2DB</ownerDesignName>
<nullsAllowed>true</nullsAllowed>
<useDomainConstraints>false</useDomainConstraints>
<use>1</use>
<logicalDatatype>LOGDT024</logicalDatatype>
<dataTypeSize>10 CHAR</dataTypeSize>
<ownDataTypeParameters>,,</ownDataTypeParameters>
<previousColumn>false</previousColumn>
<autoIncrementCycle>false</autoIncrementCycle>
<associations>
<colAssociation fkAssociation="61795CF5-C606-5354-E47E-DFD6DD5F8BC2" referredColumn="7CA673FE-6D12-3633-E253-4A131E243144"/>
</associations>
</Column>
</columns>
<indexes itemClass="oracle.dbtools.crest.model.design.relational.Index">
<ind_PK_UK id="C904C034-BE8F-0FCA-7DD6-089B50927CBB" name="Titulo_PK">
<createdBy>derek</createdBy>
<createdTime>2024-04-28 21:10:40 UTC</createdTime>
<generatorID>8A158BF2-948E-B399-DA51-6A843D8BBA6B</generatorID>
<ownerDesignName>Proyecto 2DB</ownerDesignName>
<pk>true</pk>
<indexState>Primary Constraint</indexState>
<isSurrogateKey>false</isSurrogateKey>
<indexColumnUsage>
<colUsage columnID="B1917C0B-20C0-AB8E-4A99-B0635B36B711"/>
</indexColumnUsage>
</ind_PK_UK>
<ind_PK_UK id="5EA2F965-8C11-B43E-74E7-6EC7F5898D99" name="Titulo_Miembro_Personal_FK">
<createdBy>derek</createdBy>
<createdTime>2024-04-28 21:10:41 UTC</createdTime>
<generatorID>C6314DAD-EEB1-8846-3C0D-E40DEC3D015B</generatorID>
<ownerDesignName>Proyecto 2DB</ownerDesignName>
<indexState>Foreign Key</indexState>
<isSurrogateKey>false</isSurrogateKey>
<indexColumnUsage>
<colUsage columnID="06847AEA-44FF-2036-7D9E-CDCD311679D5"/>
</indexColumnUsage>
</ind_PK_UK>
</indexes>
</Table>