<?xml version = '1.0' encoding = 'UTF-8'?>
<Table class="oracle.dbtools.crest.model.design.relational.Table" directorySegmentName="seg_0" id="F94018A0-4917-36D9-085D-72222302DD09" name="Paciente">
<createdBy>derek</createdBy>
<createdTime>2024-04-28 21:10:40 UTC</createdTime>
<generatorID>E955CCFC-9E47-44D1-29B6-5C4733C75BE3</generatorID>
<ownerDesignName>Proyecto 2DB</ownerDesignName>
<allowColumnReorder>false</allowColumnReorder>
<existDependencyGenerateInDDl>true</existDependencyGenerateInDDl>
<parsed>true</parsed>
<columns itemClass="oracle.dbtools.crest.model.design.relational.Column">
<Column name="cedula" id="1635E786-D41D-5EC0-3ADC-FB2D9326A396">
<createdBy>derek</createdBy>
<createdTime>2024-04-28 21:10:40 UTC</createdTime>
<generatorID>27624277-E962-AA3B-5FC9-19871C52F485</generatorID>
<ownerDesignName>Proyecto 2DB</ownerDesignName>
<useDomainConstraints>false</useDomainConstraints>
<use>1</use>
<logicalDatatype>LOGDT024</logicalDatatype>
<dataTypeSize>10 CHAR</dataTypeSize>
<ownDataTypeParameters>10 CHAR,,</ownDataTypeParameters>
<autoIncrementCycle>false</autoIncrementCycle>
</Column>
<Column name="nombre" id="DC7157D4-DDFB-3AB4-C6E1-7E3C78003FA5">
<createdBy>derek</createdBy>
<createdTime>2024-04-28 21:10:40 UTC</createdTime>
<generatorID>BB14A6D6-AFFB-B00D-016C-B4E47DD28F0E</generatorID>
<ownerDesignName>Proyecto 2DB</ownerDesignName>
<useDomainConstraints>false</useDomainConstraints>
<use>1</use>
<logicalDatatype>LOGDT024</logicalDatatype>
<dataTypeSize>50 CHAR</dataTypeSize>
<ownDataTypeParameters>50 CHAR,,</ownDataTypeParameters>
<autoIncrementCycle>false</autoIncrementCycle>
</Column>
<Column name="sexo" id="00720693-C6A8-CF2C-8981-23359B166A6E">
<createdBy>derek</createdBy>
<createdTime>2024-04-28 21:10:40 UTC</createdTime>
<generatorID>E1BCB851-D3DE-CA59-2492-AA1CD665EB25</generatorID>
<ownerDesignName>Proyecto 2DB</ownerDesignName>
<useDomainConstraints>false</useDomainConstraints>
<use>1</use>
<logicalDatatype>LOGDT024</logicalDatatype>
<dataTypeSize>1 CHAR</dataTypeSize>
<ownDataTypeParameters>1 CHAR,,</ownDataTypeParameters>
<autoIncrementCycle>false</autoIncrementCycle>
</Column>
<Column name="fecha_nacimiento" id="210D5296-4BF4-D2B8-327F-B6BF38349A1B">
<createdBy>derek</createdBy>
<createdTime>2024-04-28 21:10:40 UTC</createdTime>
<generatorID>4D280197-58FB-C0FF-F908-D6256F47B6A5</generatorID>
<ownerDesignName>Proyecto 2DB</ownerDesignName>
<useDomainConstraints>false</useDomainConstraints>
<use>1</use>
<logicalDatatype>LOGDT007</logicalDatatype>
<ownDataTypeParameters>,,</ownDataTypeParameters>
<autoIncrementCycle>false</autoIncrementCycle>
</Column>
<Column name="direccion" id="91AD766A-DE2E-DD40-8AC4-904647721230">
<createdBy>derek</createdBy>
<createdTime>2024-04-28 21:10:40 UTC</createdTime>
<generatorID>A2888740-731C-3BF7-3675-D749A604483C</generatorID>
<ownerDesignName>Proyecto 2DB</ownerDesignName>
<nullsAllowed>true</nullsAllowed>
<useDomainConstraints>false</useDomainConstraints>
<use>1</use>
<logicalDatatype>LOGDT024</logicalDatatype>
<dataTypeSize>100 CHAR</dataTypeSize>
<ownDataTypeParameters>100 CHAR,,</ownDataTypeParameters>
<autoIncrementCycle>false</autoIncrementCycle>
</Column>
<Column name="representante_cedula" id="3A7641C0-AD65-BD67-C6C6-7F4DCC37CB31">
<createdBy>derek</createdBy>
<createdTime>2024-04-28 21:10:40 UTC</createdTime>
<generatorID>5B655D25-8869-577B-8324-6068A21B1B2F</generatorID>
<ownerDesignName>Proyecto 2DB</ownerDesignName>
<useDomainConstraints>false</useDomainConstraints>
<use>1</use>
<logicalDatatype>LOGDT024</logicalDatatype>
<dataTypeSize>10 CHAR</dataTypeSize>
<ownDataTypeParameters>,,</ownDataTypeParameters>
<previousColumn>false</previousColumn>
<autoIncrementCycle>false</autoIncrementCycle>
<associations>
<colAssociation fkAssociation="60747DEB-5E83-AD41-F3D7-7F292684580E" referredColumn="0A999973-E51C-F00E-E6C1-9DDAD638DF6B"/>
</associations>
</Column>
</columns>
<indexes itemClass="oracle.dbtools.crest.model.design.relational.Index">
<ind_PK_UK id="6317F39E-5720-12CC-D0C1-D79815C81D1A" name="Paciente_PK">
<createdBy>derek</createdBy>
<createdTime>2024-04-28 21:10:40 UTC</createdTime>
<generatorID>D291D204-9CDB-6E66-A7D1-808CBA2B956E</generatorID>
<ownerDesignName>Proyecto 2DB</ownerDesignName>
<pk>true</pk>
<indexState>Primary Constraint</indexState>
<isSurrogateKey>false</isSurrogateKey>
<indexColumnUsage>
<colUsage columnID="1635E786-D41D-5EC0-3ADC-FB2D9326A396"/>
</indexColumnUsage>
</ind_PK_UK>
<ind_PK_UK id="01D88BFD-D316-EF0B-9FE0-4034938BDCDA" name="Paciente_representante_FK">
<createdBy>derek</createdBy>
<createdTime>2024-04-28 21:10:41 UTC</createdTime>
<generatorID>E80C4709-FFF8-AF4E-0350-8E867BD26D7E</generatorID>
<ownerDesignName>Proyecto 2DB</ownerDesignName>
<indexState>Foreign Key</indexState>
<isSurrogateKey>false</isSurrogateKey>
<indexColumnUsage>
<colUsage columnID="3A7641C0-AD65-BD67-C6C6-7F4DCC37CB31"/>
</indexColumnUsage>
</ind_PK_UK>
</indexes>
</Table>