<?xml version = '1.0' encoding = 'UTF-8'?>
<Diagram class="oracle.dbtools.crest.swingui.relational.DPVRelational" name="Relational_1" id="73AEF67A-0D84-47D5-AB97-6551E505C645">
<createdBy>derek</createdBy>
<modifiedBy>derek</modifiedBy>
<createdTime>2024-04-28 21:10:40 UTC</createdTime>
<autoRoute>false</autoRoute>
<boxInbox>true</boxInbox>
<showLegend>false</showLegend>
<showLabels>false</showLabels>
<showRelAttributes>false</showRelAttributes>
<gridEnabled>false</gridEnabled>
<showGrid>false</showGrid>
<diagramColor>-1</diagramColor>
<display>false</display>
<notation>1</notation>
<objectViews>
<OView class="oracle.dbtools.crest.swingui.relational.TVTable" oid="006488C0-5738-44BA-9A20-3B5EDA887CE1" otype="Table" vid="D6FFCDDB-A963-BC9E-40B1-A4057BB99ACA">
<hideElementsInCurrentOnly>false</hideElementsInCurrentOnly>
<bounds x="90" y="533" width="220" height="120"/>
</OView>
<OView class="oracle.dbtools.crest.swingui.relational.TVTable" oid="18E32CE3-A6A2-357D-AF7F-0F9AC741DD85" otype="Table" vid="692AF0C6-4455-458E-8351-7B7392085A5D">
<hideElementsInCurrentOnly>false</hideElementsInCurrentOnly>
<bounds x="449" y="475" width="296" height="216"/>
</OView>
<OView class="oracle.dbtools.crest.swingui.relational.TVTable" oid="40429648-1AFB-7E17-8FB5-71E36A4CF403" otype="Table" vid="852D49FA-9E9B-AA50-5A9F-BD712134ACBC">
<hideElementsInCurrentOnly>false</hideElementsInCurrentOnly>
<bounds x="1231" y="498" width="229" height="127"/>
</OView>
<OView class="oracle.dbtools.crest.swingui.relational.TVTable" oid="6998C426-790F-0C75-87D3-97C24646276C" otype="Table" vid="CDED271E-AD3B-6F2A-2477-5D45F667611D">
<hideElementsInCurrentOnly>false</hideElementsInCurrentOnly>
<bounds x="343" y="242" width="237" height="216"/>
</OView>
<OView class="oracle.dbtools.crest.swingui.relational.TVTable" oid="99EE3322-E7CF-AB12-38E7-CCFA40A69335" otype="Table" vid="09341019-A7DD-E1A6-6A1A-7B88A4B156E6">
<hideElementsInCurrentOnly>false</hideElementsInCurrentOnly>
<bounds x="263" y="6" width="307" height="199"/>
</OView>
<OView class="oracle.dbtools.crest.swingui.relational.TVTable" oid="A1877332-6A1F-9726-6DB1-29C892564270" otype="Table" vid="CFA119FD-1126-B89E-2633-D3750CE05BBE">
<hideElementsInCurrentOnly>false</hideElementsInCurrentOnly>
<bounds x="1168" y="180" width="280" height="130"/>
</OView>
<OView class="oracle.dbtools.crest.swingui.relational.TVTable" oid="B232E40B-425E-83C9-7E96-A9FF8F178D67" otype="Table" vid="76E9FBEC-F3FC-A8FB-08EC-B67A7B98BF5C">
<hideElementsInCurrentOnly>false</hideElementsInCurrentOnly>
<bounds x="714" y="160" width="350" height="279"/>
</OView>
<OView class="oracle.dbtools.crest.swingui.relational.TVTable" oid="D9733707-4FC5-21D8-C89F-C3AA32FFC3AE" otype="Table" vid="593C7473-4EC3-EB73-0228-B065386AA637">
<hideElementsInCurrentOnly>false</hideElementsInCurrentOnly>
<bounds x="10" y="291" width="245" height="162"/>
</OView>
<OView class="oracle.dbtools.crest.swingui.relational.TVTable" oid="DD42D3A2-EBBD-0731-C99E-ADF6050D7B00" otype="Table" vid="3AF4F37E-C061-ED1E-E461-9A8EE7DA9E9C">
<hideElementsInCurrentOnly>false</hideElementsInCurrentOnly>
<bounds x="78" y="718" width="307" height="110"/>
</OView>
<OView class="oracle.dbtools.crest.swingui.relational.TVTable" oid="E1C79FB8-BD72-CBC4-E15D-3FE69E174FDB" otype="Table" vid="7BCD1421-AF2B-93AF-80D1-DE68BCC78624">
<hideElementsInCurrentOnly>false</hideElementsInCurrentOnly>
<bounds x="517" y="730" width="217" height="110"/>
</OView>
<OView class="oracle.dbtools.crest.swingui.relational.TVTable" oid="EA66B603-415D-BF98-988B-972636932631" otype="Table" vid="32B02A29-A234-7962-1C83-0F6AEA557BBD">
<hideElementsInCurrentOnly>false</hideElementsInCurrentOnly>
<bounds x="681" y="0" width="255" height="133"/>
</OView>
<OView class="oracle.dbtools.crest.swingui.relational.TVTable" oid="F7DB9CC1-DEB6-EE0D-7536-2592B96F9370" otype="Table" vid="0DC011B0-BBE6-729F-E5F9-B14230C38BAC">
<hideElementsInCurrentOnly>false</hideElementsInCurrentOnly>
<bounds x="899" y="706" width="245" height="131"/>
</OView>
<OView class="oracle.dbtools.crest.swingui.relational.TVTable" oid="F94018A0-4917-36D9-085D-72222302DD09" otype="Table" vid="3873FAD4-D27D-D039-7485-756DA5CC158C">
<hideElementsInCurrentOnly>false</hideElementsInCurrentOnly>
<bounds x="880" y="480" width="290" height="182"/>
</OView>
</objectViews>
<connectors>
<Connector class="oracle.dbtools.crest.swingui.relational.TVFKRelation" oid="5730E687-BCF9-70CA-AF58-2D9EBECE384F" otype="FKIndexAssociation" vid_source="09341019-A7DD-E1A6-6A1A-7B88A4B156E6" vid_target="32B02A29-A234-7962-1C83-0F6AEA557BBD">
<hideElementsInCurrentOnly>false</hideElementsInCurrentOnly>
<backgroundColor>-16777216</backgroundColor>
<lineWidth>1</lineWidth>
<points>
<point x="570" y="69"/>
<point x="681" y="69"/>
</points>
</Connector>
<Connector class="oracle.dbtools.crest.swingui.relational.TVFKRelation" oid="60747DEB-5E83-AD41-F3D7-7F292684580E" otype="FKIndexAssociation" vid_source="852D49FA-9E9B-AA50-5A9F-BD712134ACBC" vid_target="3873FAD4-D27D-D039-7485-756DA5CC158C">
<hideElementsInCurrentOnly>false</hideElementsInCurrentOnly>
<backgroundColor>-16777216</backgroundColor>
<lineWidth>1</lineWidth>
<points>
<point x="1231" y="561"/>
<point x="1170" y="561"/>
</points>
</Connector>
<Connector class="oracle.dbtools.crest.swingui.relational.TVFKRelation" oid="61795CF5-C606-5354-E47E-DFD6DD5F8BC2" otype="FKIndexAssociation" vid_source="D6FFCDDB-A963-BC9E-40B1-A4057BB99ACA" vid_target="3AF4F37E-C061-ED1E-E461-9A8EE7DA9E9C">
<hideElementsInCurrentOnly>false</hideElementsInCurrentOnly>
<backgroundColor>-16777216</backgroundColor>
<lineWidth>1</lineWidth>
<points>
<point x="200" y="653"/>
<point x="200" y="718"/>
</points>
</Connector>
<Connector class="oracle.dbtools.crest.swingui.relational.TVFKRelation" oid="6F75AC4A-5600-8F85-7E76-7D0B63C00D20" otype="FKIndexAssociation" vid_source="CDED271E-AD3B-6F2A-2477-5D45F667611D" vid_target="76E9FBEC-F3FC-A8FB-08EC-B67A7B98BF5C">
<hideElementsInCurrentOnly>false</hideElementsInCurrentOnly>
<backgroundColor>-16777216</backgroundColor>
<lineWidth>1</lineWidth>
<points>
<point x="580" y="340"/>
<point x="714" y="340"/>
</points>
</Connector>
<Connector class="oracle.dbtools.crest.swingui.relational.TVFKRelation" oid="7C6FA39C-AED2-1F9A-4237-FB9A77E9EFF9" otype="FKIndexAssociation" vid_source="D6FFCDDB-A963-BC9E-40B1-A4057BB99ACA" vid_target="692AF0C6-4455-458E-8351-7B7392085A5D">
<hideElementsInCurrentOnly>false</hideElementsInCurrentOnly>
<backgroundColor>-16777216</backgroundColor>
<lineWidth>1</lineWidth>
<points>
<point x="310" y="593"/>
<point x="449" y="593"/>
</points>
</Connector>
<Connector class="oracle.dbtools.crest.swingui.relational.TVFKRelation" oid="8B649CBE-BED5-169C-55E4-4BAECA5B4686" otype="FKIndexAssociation" vid_source="692AF0C6-4455-458E-8351-7B7392085A5D" vid_target="7BCD1421-AF2B-93AF-80D1-DE68BCC78624">
<hideElementsInCurrentOnly>false</hideElementsInCurrentOnly>
<backgroundColor>-16777216</backgroundColor>
<lineWidth>1</lineWidth>
<points>
<point x="625" y="691"/>
<point x="625" y="730"/>
</points>
</Connector>
<Connector class="oracle.dbtools.crest.swingui.relational.TVFKRelation" oid="8B6E8B7D-F3E7-D38A-D60C-3ECB8492BB71" otype="FKIndexAssociation" vid_source="593C7473-4EC3-EB73-0228-B065386AA637" vid_target="CDED271E-AD3B-6F2A-2477-5D45F667611D">
<hideElementsInCurrentOnly>false</hideElementsInCurrentOnly>
<backgroundColor>-16777216</backgroundColor>
<lineWidth>1</lineWidth>
<points>
<point x="255" y="372"/>
<point x="343" y="372"/>
</points>
</Connector>
<Connector class="oracle.dbtools.crest.swingui.relational.TVFKRelation" oid="BBCF03D4-6628-1B3F-C87C-CDE7DC44752F" otype="FKIndexAssociation" vid_source="76E9FBEC-F3FC-A8FB-08EC-B67A7B98BF5C" vid_target="CDED271E-AD3B-6F2A-2477-5D45F667611D">
<hideElementsInCurrentOnly>false</hideElementsInCurrentOnly>
<backgroundColor>-16777216</backgroundColor>
<lineWidth>1</lineWidth>
<points>
<point x="714" y="340"/>
<point x="580" y="340"/>
</points>
</Connector>
<Connector class="oracle.dbtools.crest.swingui.relational.TVFKRelation" oid="C788CDCD-C308-F3A2-AA67-93FF41E0EC94" otype="FKIndexAssociation" vid_source="3873FAD4-D27D-D039-7485-756DA5CC158C" vid_target="692AF0C6-4455-458E-8351-7B7392085A5D">
<hideElementsInCurrentOnly>false</hideElementsInCurrentOnly>
<backgroundColor>-16777216</backgroundColor>
<lineWidth>1</lineWidth>
<points>
<point x="880" y="571"/>
<point x="745" y="571"/>
</points>
</Connector>
<Connector class="oracle.dbtools.crest.swingui.relational.TVFKRelation" oid="D01C2415-D51A-1D37-AEA0-965FE0FD20DF" otype="FKIndexAssociation" vid_source="09341019-A7DD-E1A6-6A1A-7B88A4B156E6" vid_target="CDED271E-AD3B-6F2A-2477-5D45F667611D">
<hideElementsInCurrentOnly>false</hideElementsInCurrentOnly>
<backgroundColor>-16777216</backgroundColor>
<lineWidth>1</lineWidth>
<points>
<point x="471" y="205"/>
<point x="471" y="242"/>
</points>
</Connector>
<Connector class="oracle.dbtools.crest.swingui.relational.TVFKRelation" oid="D3C6CCEE-D2EF-2413-FB4A-92A288161ACE" otype="FKIndexAssociation" vid_source="3873FAD4-D27D-D039-7485-756DA5CC158C" vid_target="0DC011B0-BBE6-729F-E5F9-B14230C38BAC">
<hideElementsInCurrentOnly>false</hideElementsInCurrentOnly>
<backgroundColor>-16777216</backgroundColor>
<lineWidth>1</lineWidth>
<points>
<point x="1021" y="662"/>
<point x="1021" y="706"/>
</points>
</Connector>
<Connector class="oracle.dbtools.crest.swingui.relational.TVFKRelation" oid="D430FD7E-91F6-704A-2FD9-00B41D79D989" otype="FKIndexAssociation" vid_source="692AF0C6-4455-458E-8351-7B7392085A5D" vid_target="76E9FBEC-F3FC-A8FB-08EC-B67A7B98BF5C">
<hideElementsInCurrentOnly>false</hideElementsInCurrentOnly>
<backgroundColor>-16777216</backgroundColor>
<lineWidth>1</lineWidth>
<points>
<point x="729" y="475"/>
<point x="729" y="439"/>
</points>
</Connector>
<Connector class="oracle.dbtools.crest.swingui.relational.TVFKRelation" oid="D86F2E84-AEAC-9FEB-F914-2CFA8A3211F6" otype="FKIndexAssociation" vid_source="76E9FBEC-F3FC-A8FB-08EC-B67A7B98BF5C" vid_target="CFA119FD-1126-B89E-2633-D3750CE05BBE">
<hideElementsInCurrentOnly>false</hideElementsInCurrentOnly>
<backgroundColor>-16777216</backgroundColor>
<lineWidth>1</lineWidth>
<points>
<point x="1064" y="245"/>
<point x="1168" y="245"/>
</points>
</Connector>
<Connector class="oracle.dbtools.crest.swingui.relational.TVFKRelation" oid="EA62FB6A-A470-0D51-2B5D-AEC213A54D26" otype="FKIndexAssociation" vid_source="32B02A29-A234-7962-1C83-0F6AEA557BBD" vid_target="09341019-A7DD-E1A6-6A1A-7B88A4B156E6">
<hideElementsInCurrentOnly>false</hideElementsInCurrentOnly>
<backgroundColor>-16777216</backgroundColor>
<lineWidth>1</lineWidth>
<points>
<point x="681" y="69"/>
<point x="570" y="69"/>
</points>
</Connector>
</connectors>
</Diagram>