<?xml version = '1.0' encoding = 'UTF-8'?>
<FKIndexAssociation class="oracle.dbtools.crest.model.design.relational.FKIndexAssociation" directorySegmentName="seg_0" id="5730E687-BCF9-70CA-AF58-2D9EBECE384F" containerWithKeyObject="EA66B603-415D-BF98-988B-972636932631" localFKIndex="98350E9C-5E1A-0C06-D1B3-B67B590CE172" name="Persona_de_contacto_Aseguradora_FK">
<createdBy>derek</createdBy>
<createdTime>2024-04-29 00:10:14 UTC</createdTime>
<generatorID>5B1B1D6C-2D81-0C7D-0730-6AC13D96CB73</generatorID>
<ownerDesignName>Proyecto</ownerDesignName>
<referredTableLongName>Aseguradora</referredTableLongName>
<deleteRule>NO ACTION</deleteRule>
<referredTableID>99EE3322-E7CF-AB12-38E7-CCFA40A69335</referredTableID>
<keyObject>E507F6D3-5F62-2B89-6534-4BD5164C1DB9</keyObject>
<referredKeyID>E507F6D3-5F62-2B89-6534-4BD5164C1DB9</referredKeyID>
<mandatory>true</mandatory>
<refColNames>NIT</refColNames>
<transferable>true</transferable>
<rely>false</rely>
<columnDependencyConstraintGenerateInDDL>true</columnDependencyConstraintGenerateInDDL>
</FKIndexAssociation>