<?xml version = '1.0' encoding = 'UTF-8'?>
<FKIndexAssociation class="oracle.dbtools.crest.model.design.relational.FKIndexAssociation" directorySegmentName="seg_0" id="60747DEB-5E83-AD41-F3D7-7F292684580E" containerWithKeyObject="F94018A0-4917-36D9-085D-72222302DD09" localFKIndex="01D88BFD-D316-EF0B-9FE0-4034938BDCDA" name="Paciente_representante_FK">
<createdBy>derek</createdBy>
<createdTime>2024-04-28 21:10:41 UTC</createdTime>
<generatorID>E80C4709-FFF8-AF4E-0350-8E867BD26D7E</generatorID>
<ownerDesignName>Proyecto 2DB</ownerDesignName>
<referredTableLongName>representante</referredTableLongName>
<deleteRule>NO ACTION</deleteRule>
<referredTableID>40429648-1AFB-7E17-8FB5-71E36A4CF403</referredTableID>
<keyObject>887D2A17-B280-894C-9012-7E013E1F6D5E</keyObject>
<referredKeyID>887D2A17-B280-894C-9012-7E013E1F6D5E</referredKeyID>
<mandatory>true</mandatory>
<refColNames>cedula</refColNames>
<transferable>true</transferable>
<rely>false</rely>
<columnDependencyConstraintGenerateInDDL>true</columnDependencyConstraintGenerateInDDL>
</FKIndexAssociation>