<?xml version = '1.0' encoding = 'UTF-8'?>
<FKIndexAssociation class="oracle.dbtools.crest.model.design.relational.FKIndexAssociation" directorySegmentName="seg_0" id="61795CF5-C606-5354-E47E-DFD6DD5F8BC2" containerWithKeyObject="DD42D3A2-EBBD-0731-C99E-ADF6050D7B00" localFKIndex="5EA2F965-8C11-B43E-74E7-6EC7F5898D99" name="Titulo_Miembro_Personal_FK">
<createdBy>derek</createdBy>
<createdTime>2024-04-28 21:10:41 UTC</createdTime>
<generatorID>C6314DAD-EEB1-8846-3C0D-E40DEC3D015B</generatorID>
<ownerDesignName>Proyecto 2DB</ownerDesignName>
<referredTableLongName>Miembro_Personal</referredTableLongName>
<deleteRule>NO ACTION</deleteRule>
<referredTableID>006488C0-5738-44BA-9A20-3B5EDA887CE1</referredTableID>
<keyObject>CBB3D3A4-D60E-9A8C-0F44-CBF7C0DCEA48</keyObject>
<referredKeyID>CBB3D3A4-D60E-9A8C-0F44-CBF7C0DCEA48</referredKeyID>
<mandatory>false</mandatory>
<refColNames>Cedula</refColNames>
<transferable>true</transferable>
<rely>false</rely>
<columnDependencyConstraintGenerateInDDL>true</columnDependencyConstraintGenerateInDDL>
</FKIndexAssociation>