<?xml version = '1.0' encoding = 'UTF-8'?>
<FKIndexAssociation class="oracle.dbtools.crest.model.design.relational.FKIndexAssociation" directorySegmentName="seg_0" id="6F75AC4A-5600-8F85-7E76-7D0B63C00D20" containerWithKeyObject="B232E40B-425E-83C9-7E96-A9FF8F178D67" localFKIndex="61AFD4BD-B05C-F44C-C099-B6A16F700F53" name="Reclamo_Poliza_FK">
<createdBy>derek</createdBy>
<createdTime>2024-04-29 00:10:14 UTC</createdTime>
<generatorID>8CB217BF-4A96-0D3B-6CC6-4595366B99EA</generatorID>
<ownerDesignName>Proyecto</ownerDesignName>
<referredTableLongName>Poliza</referredTableLongName>
<deleteRule>NO ACTION</deleteRule>
<referredTableID>6998C426-790F-0C75-87D3-97C24646276C</referredTableID>
<keyObject>DF59EF98-591A-CC74-7D9E-A2235F4486BA</keyObject>
<referredKeyID>DF59EF98-591A-CC74-7D9E-A2235F4486BA</referredKeyID>
<mandatory>true</mandatory>
<refColNames>numero</refColNames>
<transferable>true</transferable>
<rely>false</rely>
<columnDependencyConstraintGenerateInDDL>true</columnDependencyConstraintGenerateInDDL>
</FKIndexAssociation>