<?xml version = '1.0' encoding = 'UTF-8'?>
<FKIndexAssociation class="oracle.dbtools.crest.model.design.relational.FKIndexAssociation" directorySegmentName="seg_0" id="8B649CBE-BED5-169C-55E4-4BAECA5B4686" containerWithKeyObject="E1C79FB8-BD72-CBC4-E15D-3FE69E174FDB" localFKIndex="E184399A-3113-E898-ED8F-F9B99B3CFEE4" name="Motivo_Cita_FK">
<createdBy>derek</createdBy>
<createdTime>2024-04-28 21:10:41 UTC</createdTime>
<generatorID>2F03E0A5-FF81-B22A-C9CE-1D06F9E1AF79</generatorID>
<ownerDesignName>Proyecto 2DB</ownerDesignName>
<referredTableLongName>Cita</referredTableLongName>
<deleteRule>NO ACTION</deleteRule>
<referredTableID>18E32CE3-A6A2-357D-AF7F-0F9AC741DD85</referredTableID>
<keyObject>E3AD21C3-0260-5B87-B6AC-23503A1FF37C</keyObject>
<referredKeyID>E3AD21C3-0260-5B87-B6AC-23503A1FF37C</referredKeyID>
<mandatory>true</mandatory>
<refColNames>ID</refColNames>
<transferable>true</transferable>
<rely>false</rely>
<columnDependencyConstraintGenerateInDDL>true</columnDependencyConstraintGenerateInDDL>
</FKIndexAssociation>