<?xml version = '1.0' encoding = 'UTF-8'?>
<FKIndexAssociation class="oracle.dbtools.crest.model.design.relational.FKIndexAssociation" directorySegmentName="seg_0" id="C788CDCD-C308-F3A2-AA67-93FF41E0EC94" containerWithKeyObject="18E32CE3-A6A2-357D-AF7F-0F9AC741DD85" localFKIndex="3DFBFDAB-5662-EA6C-AF65-9B04D3181FB6" name="Cita_Paciente_FK">
<createdBy>derek</createdBy>
<createdTime>2024-04-28 21:10:41 UTC</createdTime>
<generatorID>4A11C3F9-51E0-D0AB-1452-CD0BDFF4BDB8</generatorID>
<ownerDesignName>Proyecto 2DB</ownerDesignName>
<referredTableLongName>Paciente</referredTableLongName>
<deleteRule>NO ACTION</deleteRule>
<referredTableID>F94018A0-4917-36D9-085D-72222302DD09</referredTableID>
<keyObject>6317F39E-5720-12CC-D0C1-D79815C81D1A</keyObject>
<referredKeyID>6317F39E-5720-12CC-D0C1-D79815C81D1A</referredKeyID>
<mandatory>true</mandatory>
<refColNames>cedula</refColNames>
<transferable>true</transferable>
<rely>false</rely>
<columnDependencyConstraintGenerateInDDL>true</columnDependencyConstraintGenerateInDDL>
</FKIndexAssociation>