<?xml version = '1.0' encoding = 'UTF-8'?>
<FKIndexAssociation class="oracle.dbtools.crest.model.design.relational.FKIndexAssociation" directorySegmentName="seg_0" id="D86F2E84-AEAC-9FEB-F914-2CFA8A3211F6" containerWithKeyObject="A1877332-6A1F-9726-6DB1-29C892564270" localFKIndex="E4E37CD0-F961-7B07-ADFE-E48A04464DC9" name="Reclamo_en_disputa_Reclamo_FK">
<createdBy>derek</createdBy>
<createdTime>2024-04-28 21:24:40 UTC</createdTime>
<generatorID>50AEA90A-DC3A-9C97-6E2B-0E0755982992</generatorID>
<ownerDesignName>Proyecto</ownerDesignName>
<referredTableLongName>Reclamo</referredTableLongName>
<deleteRule>NO ACTION</deleteRule>
<referredTableID>B232E40B-425E-83C9-7E96-A9FF8F178D67</referredTableID>
<keyObject>04500709-E798-5A1C-B48A-0625580CD1B6</keyObject>
<referredKeyID>04500709-E798-5A1C-B48A-0625580CD1B6</referredKeyID>
<mandatory>true</mandatory>
<refColNames>codigo</refColNames>
<transferable>true</transferable>
<rely>false</rely>
<columnDependencyConstraintGenerateInDDL>true</columnDependencyConstraintGenerateInDDL>
</FKIndexAssociation>