<?xml version = '1.0' encoding = 'UTF-8'?>
<FKIndexAssociation class="oracle.dbtools.crest.model.design.relational.FKIndexAssociation" directorySegmentName="seg_0" id="EA62FB6A-A470-0D51-2B5D-AEC213A54D26" containerWithKeyObject="99EE3322-E7CF-AB12-38E7-CCFA40A69335" localFKIndex="BB9E8A11-186A-EC7C-0DDD-C68AE2F49F22" name="Aseguradora_Persona_de_contacto_FK">
<createdBy>derek</createdBy>
<createdTime>2024-04-29 00:10:14 UTC</createdTime>
<generatorID>5B1B1D6C-2D81-0C7D-0730-6AC13D96CB73</generatorID>
<ownerDesignName>Proyecto</ownerDesignName>
<referredTableLongName>Persona_de_contacto</referredTableLongName>
<deleteRule>NO ACTION</deleteRule>
<referredTableID>EA66B603-415D-BF98-988B-972636932631</referredTableID>
<keyObject>E49586A4-3AF2-12BB-ACC1-EE53FF3F8F5D</keyObject>
<referredKeyID>E49586A4-3AF2-12BB-ACC1-EE53FF3F8F5D</referredKeyID>
<mandatory>true</mandatory>
<refColNames>cedula</refColNames>
<transferable>true</transferable>
<rely>false</rely>
<columnDependencyConstraintGenerateInDDL>true</columnDependencyConstraintGenerateInDDL>
</FKIndexAssociation>