<?xml version = '1.0' encoding = 'UTF-8'?>
<Relation class="oracle.dbtools.crest.model.design.logical.Relation" name="Motivo Cita FK" directorySegmentName="seg_0" id="2F03E0A5-FF81-B22A-C9CE-1D06F9E1AF79">
<createdBy>derek</createdBy>
<createdTime>2024-04-28 20:17:20 UTC</createdTime>
<ownerDesignName>Proyecto 2DB</ownerDesignName>
<engineerTo>
<item key="E7E453A3-DEB2-4D4B-E4A4-3C027F6257BD" value="true"/>
</engineerTo>
<sourcePk>C875FA28-CE42-098F-4CE5-AC74F535A15D</sourcePk>
<identifying>false</identifying>
<optionalSource>false</optionalSource>
<optionalTarget>false</optionalTarget>
<sourceCardinality>1</sourceCardinality>
<sourceEntity>29AE9746-7854-F763-DDEC-593D4BD248D9</sourceEntity>
<targetCardinalityString>*</targetCardinalityString>
<targetEntity>29BC24D8-CE32-3E54-795C-A7C2F3779995</targetEntity>
<transferable>true</transferable>
<deleteRule>NO ACTION</deleteRule>
</Relation>