<?xml version = '1.0' encoding = 'UTF-8'?>
<Relation class="oracle.dbtools.crest.model.design.logical.Relation" name="Aseguradora Persona de contacto FK" directorySegmentName="seg_0" id="5B1B1D6C-2D81-0C7D-0730-6AC13D96CB73">
<createdBy>derek</createdBy>
<createdTime>2024-04-28 21:04:12 UTC</createdTime>
<ownerDesignName>Proyecto 2DB</ownerDesignName>
<engineerTo>
<item key="E7E453A3-DEB2-4D4B-E4A4-3C027F6257BD" value="true"/>
</engineerTo>
<sourcePk>94EA917C-1BE6-41C6-A625-F2DFECFBBA38</sourcePk>
<targetPk>313864B2-030D-8BEB-0877-C20A67D0C79D</targetPk>
<identifying>false</identifying>
<optionalSource>false</optionalSource>
<optionalTarget>false</optionalTarget>
<sourceCardinality>1</sourceCardinality>
<sourceEntity>31BA9B22-87C2-3697-EB32-59206C5BE3F7</sourceEntity>
<targetCardinalityString>1</targetCardinalityString>
<targetEntity>0CD6BE3F-3674-71C8-89FD-26D285C24FC9</targetEntity>
<transferable>true</transferable>
<deleteRule>NO ACTION</deleteRule>
</Relation>