<?xml version = '1.0' encoding = 'UTF-8'?>
<Relation class="oracle.dbtools.crest.model.design.logical.Relation" name="Poliza Reclamo FK" directorySegmentName="seg_0" id="8CB217BF-4A96-0D3B-6CC6-4595366B99EA">
<createdBy>derek</createdBy>
<createdTime>2024-04-28 20:58:57 UTC</createdTime>
<ownerDesignName>Proyecto 2DB</ownerDesignName>
<engineerTo>
<item key="E7E453A3-DEB2-4D4B-E4A4-3C027F6257BD" value="true"/>
</engineerTo>
<sourcePk>69510DBB-785E-0182-6DCE-C633594AA25B</sourcePk>
<targetPk>322705AF-39AF-1D7A-AF45-0CCFBE5316DF</targetPk>
<identifying>false</identifying>
<optionalSource>false</optionalSource>
<optionalTarget>false</optionalTarget>
<sourceCardinality>1</sourceCardinality>
<sourceEntity>D0E6A5DA-8AC2-9A66-106D-39F1FB058547</sourceEntity>
<targetCardinalityString>1</targetCardinalityString>
<targetEntity>B3ADEA3A-8948-E302-910F-3E70E5D9942D</targetEntity>
<transferable>true</transferable>
<deleteRule>NO ACTION</deleteRule>
</Relation>