<?xml version = '1.0' encoding = 'UTF-8'?>
<Relation class="oracle.dbtools.crest.model.design.logical.Relation" name="Aseguradora Poliza FK" directorySegmentName="seg_0" id="E28312D1-BBF0-3794-743C-B33B48B9AE50">
<createdBy>derek</createdBy>
<createdTime>2024-04-28 21:03:01 UTC</createdTime>
<ownerDesignName>Proyecto</ownerDesignName>
<engineerTo>
<item key="E7E453A3-DEB2-4D4B-E4A4-3C027F6257BD" value="true"/>
</engineerTo>
<sourcePk>94EA917C-1BE6-41C6-A625-F2DFECFBBA38</sourcePk>
<identifying>false</identifying>
<optionalSource>true</optionalSource>
<optionalTarget>false</optionalTarget>
<sourceCardinality>1</sourceCardinality>
<sourceEntity>31BA9B22-87C2-3697-EB32-59206C5BE3F7</sourceEntity>
<targetCardinalityString>1</targetCardinalityString>
<targetEntity>B3ADEA3A-8948-E302-910F-3E70E5D9942D</targetEntity>
<transferable>true</transferable>
<deleteRule>NO ACTION</deleteRule>
</Relation>