<?xml version = '1.0' encoding = 'UTF-8'?>
<Relation class="oracle.dbtools.crest.model.design.logical.Relation" name="Paciente representante FK" directorySegmentName="seg_0" id="E80C4709-FFF8-AF4E-0350-8E867BD26D7E">
<createdBy>derek</createdBy>
<createdTime>2024-04-28 20:28:07 UTC</createdTime>
<ownerDesignName>Proyecto 2DB</ownerDesignName>
<engineerTo>
<item key="E7E453A3-DEB2-4D4B-E4A4-3C027F6257BD" value="true"/>
</engineerTo>
<sourcePk>8570CF7C-2EAB-670F-27FA-3AD69DB57FBB</sourcePk>
<identifying>false</identifying>
<optionalSource>false</optionalSource>
<optionalTarget>false</optionalTarget>
<sourceCardinality>1</sourceCardinality>
<sourceEntity>D10AF15B-CA75-17F4-3BE8-9049112091B0</sourceEntity>
<targetCardinalityString>*</targetCardinalityString>
<targetEntity>E955CCFC-9E47-44D1-29B6-5C4733C75BE3</targetEntity>
<transferable>true</transferable>
<deleteRule>NO ACTION</deleteRule>
</Relation>