<?xml version = '1.0' encoding = 'UTF-8'?>
<Entity class="oracle.dbtools.crest.model.design.logical.Entity" directorySegmentName="seg_0" id="0CD6BE3F-3674-71C8-89FD-26D285C24FC9" name="Persona de contacto">
<createdBy>derek</createdBy>
<createdTime>2024-04-28 21:03:30 UTC</createdTime>
<ownerDesignName>Proyecto 2DB</ownerDesignName>
<engineerTo>
<item key="E7E453A3-DEB2-4D4B-E4A4-3C027F6257BD" value="true"/>
</engineerTo>
<adequatelyNormalized>NO</adequatelyNormalized>
<expectedVolumes>0</expectedVolumes>
<fwdEngineeringStrategyName>Single Table</fwdEngineeringStrategyName>
<growthPercent>0</growthPercent>
<growthType>Year</growthType>
<maxVolumes>9999999</maxVolumes>
<minVolumes>0</minVolumes>
<normalForm>Third</normalForm>
<attributes itemClass="oracle.dbtools.crest.model.design.logical.Attribute">
<Attribute name="cedula" id="5BB8CD78-8CF4-5926-5E4B-E5EB27618D21">
<createdBy>derek</createdBy>
<createdTime>2024-04-28 21:03:39 UTC</createdTime>
<ownerDesignName>Proyecto 2DB</ownerDesignName>
<engineerTo>
<item key="E7E453A3-DEB2-4D4B-E4A4-3C027F6257BD" value="true"/>
</engineerTo>
<useDomainConstraints>false</useDomainConstraints>
<use>1</use>
<logicalDatatype>LOGDT024</logicalDatatype>
<dataTypeSize>10 CHAR</dataTypeSize>
<ownDataTypeParameters>10 CHAR,,</ownDataTypeParameters>
</Attribute>
<Attribute name="telefono" id="2AAE386C-4562-3176-AFF3-58E835A7DE78">
<createdBy>derek</createdBy>
<createdTime>2024-04-28 21:03:49 UTC</createdTime>
<ownerDesignName>Proyecto 2DB</ownerDesignName>
<engineerTo>
<item key="E7E453A3-DEB2-4D4B-E4A4-3C027F6257BD" value="true"/>
</engineerTo>
<useDomainConstraints>false</useDomainConstraints>
<use>1</use>
<logicalDatatype>LOGDT024</logicalDatatype>
<dataTypeSize>10 CHAR</dataTypeSize>
<ownDataTypeParameters>10 CHAR,,</ownDataTypeParameters>
</Attribute>
<Attribute name="Aseguradora NIT" id="E9B4C3F4-870D-48F8-A4C5-C2B1828046CD">
<createdBy>derek</createdBy>
<createdTime>2024-04-28 21:04:12 UTC</createdTime>
<generatorID>5B1B1D6C-2D81-0C7D-0730-6AC13D96CB73</generatorID>
<ownerDesignName>Proyecto 2DB</ownerDesignName>
<engineerTo>
<item key="E7E453A3-DEB2-4D4B-E4A4-3C027F6257BD" value="true"/>
</engineerTo>
<referedAttribute>E08C5FFD-7E6B-6E60-08EA-930C34FDCB9F</referedAttribute>
<useDomainConstraints>false</useDomainConstraints>
<use>1</use>
<logicalDatatype>LOGDT024</logicalDatatype>
<dataTypeSize>9 CHAR</dataTypeSize>
<ownDataTypeParameters>,,</ownDataTypeParameters>
</Attribute>
</attributes>
<identifiers itemClass="oracle.dbtools.crest.model.design.logical.CandidateKey">
<identifier id="313864B2-030D-8BEB-0877-C20A67D0C79D" name="Persona de contacto PK">
<createdBy>derek</createdBy>
<createdTime>2024-04-28 21:03:48 UTC</createdTime>
<ownerDesignName>Proyecto 2DB</ownerDesignName>
<shouldEngineer>false</shouldEngineer>
<engineerTo>
<item key="E7E453A3-DEB2-4D4B-E4A4-3C027F6257BD" value="false"/>
</engineerTo>
<pk>true</pk>
<usedAttributes>
<attributeRef>5BB8CD78-8CF4-5926-5E4B-E5EB27618D21</attributeRef>
</usedAttributes>
</identifier>
</identifiers>
</Entity>