<?xml version = '1.0' encoding = 'UTF-8'?>
<Entity class="oracle.dbtools.crest.model.design.logical.Entity" directorySegmentName="seg_0" id="889F4064-9A3B-3C41-2A67-C36BDE1DFC68" name="Titulo">
<createdBy>derek</createdBy>
<createdTime>2024-04-28 20:04:57 UTC</createdTime>
<ownerDesignName>Proyecto 2DB</ownerDesignName>
<engineerTo>
<item key="E7E453A3-DEB2-4D4B-E4A4-3C027F6257BD" value="true"/>
</engineerTo>
<adequatelyNormalized>NO</adequatelyNormalized>
<expectedVolumes>0</expectedVolumes>
<fwdEngineeringStrategyName>Single Table</fwdEngineeringStrategyName>
<growthPercent>0</growthPercent>
<growthType>Year</growthType>
<maxVolumes>9999999</maxVolumes>
<minVolumes>0</minVolumes>
<normalForm>Third</normalForm>
<attributes itemClass="oracle.dbtools.crest.model.design.logical.Attribute">
<Attribute name="ID" id="3E3EAA1D-1EA3-EFD1-C1CF-354645FB50A8">
<createdBy>derek</createdBy>
<createdTime>2024-04-28 20:05:11 UTC</createdTime>
<ownerDesignName>Proyecto 2DB</ownerDesignName>
<engineerTo>
<item key="E7E453A3-DEB2-4D4B-E4A4-3C027F6257BD" value="true"/>
</engineerTo>
<useDomainConstraints>false</useDomainConstraints>
<use>1</use>
<logicalDatatype>LOGDT024</logicalDatatype>
<dataTypeSize>3</dataTypeSize>
<ownDataTypeParameters>3,,</ownDataTypeParameters>
</Attribute>
<Attribute name="Nombre" id="CA0C9E02-B2CB-A197-C25D-9D9A2445D99C">
<createdBy>derek</createdBy>
<createdTime>2024-04-28 20:06:08 UTC</createdTime>
<ownerDesignName>Proyecto 2DB</ownerDesignName>
<engineerTo>
<item key="E7E453A3-DEB2-4D4B-E4A4-3C027F6257BD" value="true"/>
</engineerTo>
<useDomainConstraints>false</useDomainConstraints>
<use>1</use>
<logicalDatatype>LOGDT024</logicalDatatype>
<dataTypeSize>100 CHAR</dataTypeSize>
<ownDataTypeParameters>100 CHAR,,</ownDataTypeParameters>
</Attribute>
<Attribute name="Miembro Personal Cedula" id="15B164BF-40F0-BF33-C4FE-6763D5CB95FB">
<createdBy>derek</createdBy>
<createdTime>2024-04-28 20:07:06 UTC</createdTime>
<generatorID>C6314DAD-EEB1-8846-3C0D-E40DEC3D015B</generatorID>
<ownerDesignName>Proyecto 2DB</ownerDesignName>
<engineerTo>
<item key="E7E453A3-DEB2-4D4B-E4A4-3C027F6257BD" value="true"/>
</engineerTo>
<nullsAllowed>true</nullsAllowed>
<referedAttribute>9FD8559A-3110-7B05-05A9-FC62858631BD</referedAttribute>
<useDomainConstraints>false</useDomainConstraints>
<use>1</use>
<logicalDatatype>LOGDT024</logicalDatatype>
<dataTypeSize>10 CHAR</dataTypeSize>
<ownDataTypeParameters>,,</ownDataTypeParameters>
</Attribute>
</attributes>
<identifiers itemClass="oracle.dbtools.crest.model.design.logical.CandidateKey">
<identifier id="8A158BF2-948E-B399-DA51-6A843D8BBA6B" name="Titulo PK">
<createdBy>derek</createdBy>
<createdTime>2024-04-28 20:06:07 UTC</createdTime>
<ownerDesignName>Proyecto 2DB</ownerDesignName>
<shouldEngineer>false</shouldEngineer>
<engineerTo>
<item key="E7E453A3-DEB2-4D4B-E4A4-3C027F6257BD" value="false"/>
</engineerTo>
<pk>true</pk>
<usedAttributes>
<attributeRef>3E3EAA1D-1EA3-EFD1-C1CF-354645FB50A8</attributeRef>
</usedAttributes>
</identifier>
</identifiers>
</Entity>