<?xml version = '1.0' encoding = 'UTF-8'?>
<Relation class="oracle.dbtools.crest.model.design.logical.Relation" name="Cita Paciente FK" directorySegmentName="seg_0" id="4A11C3F9-51E0-D0AB-1452-CD0BDFF4BDB8">
<createdBy>derek</createdBy>
<createdTime>2024-04-28 20:22:44 UTC</createdTime>
<ownerDesignName>Proyecto 2DB</ownerDesignName>
<engineerTo>
<item key="E7E453A3-DEB2-4D4B-E4A4-3C027F6257BD" value="true"/>
</engineerTo>
<sourcePk>C875FA28-CE42-098F-4CE5-AC74F535A15D</sourcePk>
<targetPk>D291D204-9CDB-6E66-A7D1-808CBA2B956E</targetPk>
<identifying>false</identifying>
<optionalSource>false</optionalSource>
<optionalTarget>true</optionalTarget>
<sourceCardinality>1</sourceCardinality>
<sourceEntity>29AE9746-7854-F763-DDEC-593D4BD248D9</sourceEntity>
<targetCardinalityString>1</targetCardinalityString>
<targetEntity>E955CCFC-9E47-44D1-29B6-5C4733C75BE3</targetEntity>
<transferable>true</transferable>
<deleteRule>NO ACTION</deleteRule>
</Relation>