<?xml version = '1.0' encoding = 'UTF-8'?>
<Relation class="oracle.dbtools.crest.model.design.logical.Relation" name="Reclamo en disputa Reclamo FK" directorySegmentName="seg_0" id="50AEA90A-DC3A-9C97-6E2B-0E0755982992">
<createdBy>derek</createdBy>
<createdTime>2024-04-28 20:52:13 UTC</createdTime>
<ownerDesignName>Proyecto 2DB</ownerDesignName>
<engineerTo>
<item key="E7E453A3-DEB2-4D4B-E4A4-3C027F6257BD" value="true"/>
</engineerTo>
<sourcePk>69510DBB-785E-0182-6DCE-C633594AA25B</sourcePk>
<targetPk>4F5BE5DB-C883-537A-9C69-965BE2164DF9</targetPk>
<identifying>false</identifying>
<optionalSource>true</optionalSource>
<optionalTarget>false</optionalTarget>
<sourceCardinality>1</sourceCardinality>
<sourceEntity>D0E6A5DA-8AC2-9A66-106D-39F1FB058547</sourceEntity>
<targetCardinalityString>1</targetCardinalityString>
<targetEntity>2DAD87AA-1EC3-72A3-B0A1-8B7F1430FA37</targetEntity>
<transferable>true</transferable>
<deleteRule>NO ACTION</deleteRule>
</Relation>