<?xml version = '1.0' encoding = 'UTF-8'?>
<Relation class="oracle.dbtools.crest.model.design.logical.Relation" name="alergia Paciente FK" directorySegmentName="seg_0" id="808E2F5D-ED15-0737-A162-46BD0DDE55FB">
<createdBy>derek</createdBy>
<createdTime>2024-04-28 20:21:54 UTC</createdTime>
<ownerDesignName>Proyecto 2DB</ownerDesignName>
<engineerTo>
<item key="E7E453A3-DEB2-4D4B-E4A4-3C027F6257BD" value="true"/>
</engineerTo>
<sourcePk>D291D204-9CDB-6E66-A7D1-808CBA2B956E</sourcePk>
<identifying>false</identifying>
<optionalSource>false</optionalSource>
<optionalTarget>true</optionalTarget>
<sourceCardinality>1</sourceCardinality>
<sourceEntity>E955CCFC-9E47-44D1-29B6-5C4733C75BE3</sourceEntity>
<targetCardinalityString>*</targetCardinalityString>
<targetEntity>C7F69757-B5E8-DCED-AD59-0AEEC0248F80</targetEntity>
<transferable>true</transferable>
<deleteRule>NO ACTION</deleteRule>
</Relation>