<?xml version = '1.0' encoding = 'UTF-8'?>
<Relation class="oracle.dbtools.crest.model.design.logical.Relation" name="Titulo Miembro Personal FK" directorySegmentName="seg_0" id="C6314DAD-EEB1-8846-3C0D-E40DEC3D015B">
<createdBy>derek</createdBy>
<createdTime>2024-04-28 20:07:06 UTC</createdTime>
<ownerDesignName>Proyecto 2DB</ownerDesignName>
<engineerTo>
<item key="E7E453A3-DEB2-4D4B-E4A4-3C027F6257BD" value="true"/>
</engineerTo>
<sourcePk>E22ACB86-76E4-3947-F4EC-8C4B2EFC372D</sourcePk>
<identifying>false</identifying>
<optionalSource>false</optionalSource>
<optionalTarget>true</optionalTarget>
<sourceCardinality>1</sourceCardinality>
<sourceEntity>EDCC9237-B44C-D2A3-9C7E-0526C6A5B3C9</sourceEntity>
<targetCardinalityString>*</targetCardinalityString>
<targetEntity>889F4064-9A3B-3C41-2A67-C36BDE1DFC68</targetEntity>
<transferable>true</transferable>
<deleteRule>NO ACTION</deleteRule>
</Relation>