<?xml version = '1.0' encoding = 'UTF-8'?>
<Relation class="oracle.dbtools.crest.model.design.logical.Relation" name="Cita Miembro Personal FK" directorySegmentName="seg_0" id="D0363FE2-8AC0-47B9-103C-A877B7ECABE1">
<createdBy>derek</createdBy>
<createdTime>2024-04-28 20:18:24 UTC</createdTime>
<ownerDesignName>Proyecto 2DB</ownerDesignName>
<engineerTo>
<item key="E7E453A3-DEB2-4D4B-E4A4-3C027F6257BD" value="true"/>
</engineerTo>
<sourcePk>E22ACB86-76E4-3947-F4EC-8C4B2EFC372D</sourcePk>
<identifying>false</identifying>
<optionalSource>false</optionalSource>
<optionalTarget>false</optionalTarget>
<sourceCardinality>1</sourceCardinality>
<sourceEntity>EDCC9237-B44C-D2A3-9C7E-0526C6A5B3C9</sourceEntity>
<targetCardinalityString>*</targetCardinalityString>
<targetEntity>29AE9746-7854-F763-DDEC-593D4BD248D9</targetEntity>
<transferable>true</transferable>
<deleteRule>NO ACTION</deleteRule>
</Relation>