<?xml version = '1.0' encoding = 'UTF-8'?>
<Relation class="oracle.dbtools.crest.model.design.logical.Relation" name="Poliza Cobertura FK" directorySegmentName="seg_0" id="F89BEDCB-48B4-7540-DBC9-FCB7ECA9BEDB">
<createdBy>derek</createdBy>
<createdTime>2024-04-28 21:06:28 UTC</createdTime>
<ownerDesignName>Proyecto 2DB</ownerDesignName>
<engineerTo>
<item key="E7E453A3-DEB2-4D4B-E4A4-3C027F6257BD" value="true"/>
</engineerTo>
<sourcePk>322705AF-39AF-1D7A-AF45-0CCFBE5316DF</sourcePk>
<targetPk>1A7B7B7E-1041-6E7D-5CF3-3A4964E411BE</targetPk>
<identifying>false</identifying>
<optionalSource>false</optionalSource>
<optionalTarget>true</optionalTarget>
<sourceCardinality>1</sourceCardinality>
<sourceEntity>B3ADEA3A-8948-E302-910F-3E70E5D9942D</sourceEntity>
<targetCardinalityString>1</targetCardinalityString>
<targetEntity>9E38FB56-9B35-C6D5-3F3B-1F8BD4FAD3BC</targetEntity>
<transferable>true</transferable>
<deleteRule>NO ACTION</deleteRule>
</Relation>